timestamp,zone_temp,heating_sp,cooling_sp,outdoor_temp,action,coil_speed,confidence,reasoning,energy_kwh,comfort_deviation,outcome,success,violations,via_mcp,risk_level,expected_savings_pct,rejection_reasoning,candidates,conf_historical,conf_sensor,conf_weather,conf_comfort,conf_stability,economizer_recommended,economizer_mode,temperature_advantage,estimated_runtime_saved_hours,estimated_energy_saved_kwh,planner_accepted,validator_overrode,final_free_cooling_used,economizer_confidence,is_peak_window,tariff_period,tariff_inr_kwh,dr_recommended,dr_planner_accepted,dr_validator_overrode,dr_final_used,dr_cost_saved_inr,precool_recommended,predicted_peak_outdoor_temp,precool_planner_accepted,precool_validator_overrode,precool_final_used
07/01 00:10,26.239,22.000,26.600,22.317,eco,1.00,0.800,"The zone is currently within its comfort band (PMV not provided, but assumed IN_BAND), and it's an unoccupied hour (00:00). The outdoor temperature is slightly cooler than the indoor temperature, indicating a small deviation that can be corrected gently without boosting. Given the recent history of ",0.000000,0.000,SUCCESS,True,,False,low,0.0,,[],0.70,0.70,0.70,0.70,0.70,False,NO_ACTION,0.00,0.00,0.000,False,False,False,0.70,False,NORMAL,10.00,False,False,False,False,0.00,False,0.00,False,False,False
07/01 01:10,26.159,22.000,26.600,22.833,eco,1.00,0.800,"The zone is within the comfort band (PMV not provided, but assumed IN_BAND), occupancy is occupied, and recent actions have been at eco level without oscillation risk. The deviation from setpoints is minimal (<0.5C) and there's no need for rapid correction as outdoor conditions are cooler than indoo",0.000000,0.000,SUCCESS,True,,False,low,0.0,,[],0.70,0.70,0.70,0.70,0.70,False,NO_ACTION,0.00,0.00,0.000,False,False,False,0.70,False,NORMAL,10.00,False,False,False,False,0.00,False,0.00,False,False,False
07/01 02:10,25.913,22.000,26.600,22.400,eco,1.00,0.600,"The zone is within the comfort band (PMV not available but assumed IN_BAND), occupancy is occupied, and recent actions have been alternating between eco and off. The current deviation from setpoints is minimal (0C for both heating and cooling). Given the low confidence score due to ambiguous data an",0.000000,0.000,SUCCESS,True,,False,low,0.0,,[],0.70,0.70,0.70,0.70,0.70,False,NO_ACTION,0.00,0.00,0.000,False,False,False,0.70,False,NORMAL,10.00,False,False,False,False,0.00,False,0.00,False,False,False
07/01 03:10,25.575,22.000,26.600,21.900,eco,1.00,0.800,"The zone is within the comfort band (PMV not provided but assumed in-band), and there's no significant deviation from setpoints. The recent history shows repeated use of 'eco' actions, indicating a stable state where further correction is needed but not urgent. Occupancy status is occupied, so we ma",0.000000,0.000,SUCCESS,True,,False,low,0.0,,[],0.70,0.70,0.70,0.70,0.70,False,NO_ACTION,0.00,0.00,0.000,False,False,False,0.70,False,NORMAL,10.00,False,False,False,False,0.00,False,0.00,False,False,False
07/01 04:10,25.310,22.000,26.600,21.900,eco,1.00,0.800,"The zone is currently within its comfort band (PMV not provided but assumed in-band), and there's no recent history of overshooting or oscillation. The outdoor temperature is slightly cooler than the indoor, indicating a small deviation that can be corrected gently with 'eco' action to maintain stea",0.000000,0.000,SUCCESS,True,,False,low,0.0,,[],0.70,0.70,0.70,0.70,0.70,False,NO_ACTION,0.00,0.00,0.000,False,False,False,0.70,False,NORMAL,10.00,False,False,False,False,0.00,False,0.00,False,False,False
07/01 05:10,25.089,22.000,26.600,21.867,eco,1.00,0.800,"The zone is currently within its comfort band (PMV not provided but assumed IN_BAND), and there are no recent deviations from setpoints. The occupancy status is OCCUPIED, so we prioritize comfort over energy savings. Given the recent history of all actions being 'eco', it suggests a stable state whe",0.000000,0.000,SUCCESS,True,,False,low,0.0,,[],0.70,0.70,0.70,0.70,0.70,False,NO_ACTION,0.00,0.00,0.000,False,False,False,0.70,False,NORMAL,10.00,False,False,False,False,0.00,False,0.00,False,False,False
07/01 06:10,24.823,22.000,26.600,21.700,eco,1.00,0.500,"The zone is currently within its comfort band (PMV not provided but assumed IN_BAND), and it's in the pre-occupancy window (06:00-07:00). The recent history shows no deviation from eco mode, indicating a stable condition. Given the low confidence score due to the lack of PMV data and the absence of ",0.000000,0.000,SUCCESS,True,,False,low,0.0,,[],0.70,0.70,0.70,0.70,0.70,False,NO_ACTION,0.00,0.00,0.000,False,False,False,0.70,False,NORMAL,10.00,False,False,False,False,0.00,False,0.00,False,False,False
07/01 07:10,25.563,22.000,26.600,21.783,eco,1.00,0.800,"The zone is currently within its comfort band (PMV not provided but assumed IN_BAND), and it's occupied during the day. The recent history shows no deviation from the eco setting, indicating a stable condition where gentle correction is needed without risking overshooting or undershooting setpoints.",0.000000,0.000,SUCCESS,True,,False,low,0.0,,[],0.70,0.70,0.70,0.70,0.70,False,NO_ACTION,0.00,0.00,0.000,False,False,False,0.70,False,NORMAL,10.00,False,False,False,False,0.00,False,0.00,False,False,False
07/01 08:10,26.475,22.000,26.600,22.400,eco,1.00,0.800,"The zone is currently within its comfort band (PMV not provided but assumed IN_BAND), and occupancy is occupied. The recent history shows no deviation from the eco setting, indicating a stable condition where gentle correction is needed without risking overshooting or undershooting setpoints.",0.000000,0.000,SUCCESS,True,,False,low,0.0,,[],0.70,0.70,0.70,0.70,0.70,False,NO_ACTION,0.00,0.00,0.000,False,False,False,0.70,False,NORMAL,10.00,False,False,False,False,0.00,False,0.00,False,False,False
07/01 09:10,25.077,22.000,24.600,23.500,eco,1.00,0.800,"The zone is slightly too warm (0.477C above cooling setpoint) during occupied hours. The recent history shows no deviation from the eco setting, indicating a stable situation where gentle correction with reduced coil speed is sufficient to bring the zone back into comfort without risking overshootin",0.000000,0.477,SUCCESS,True,,False,low,0.0,,[],0.70,0.70,0.70,0.70,0.70,False,NO_ACTION,0.00,0.00,0.000,False,False,False,0.70,False,NORMAL,10.00,False,False,False,False,0.00,False,0.00,False,False,False
07/01 10:10,23.945,22.000,26.600,24.300,eco,1.00,0.800,"The zone is currently within the comfort band (PMV not provided but assumed IN_BAND), and there are no recent actions indicating a need for rapid correction (all were eco). The outdoor temperature is slightly warmer than the indoor, suggesting a small deviation that can be corrected gently with an e",0.000000,0.000,SUCCESS,True,,False,low,0.0,,[],0.70,0.70,0.70,0.70,0.70,False,NO_ACTION,0.00,0.00,0.000,False,False,False,0.70,False,NORMAL,10.00,False,False,False,False,0.00,False,0.00,False,False,False
07/01 11:10,25.098,22.000,24.600,26.017,eco,1.00,0.800,"The zone is slightly too hot (0.498C), but recent actions have been consistently 'eco' indicating a stable oscillation around the setpoint without significant deviation from comfort levels. The outdoor temperature is only 1C above the indoor, suggesting that the system can maintain comfort with gent",0.000000,0.498,SUCCESS,True,,False,low,0.0,,[],0.70,0.70,0.70,0.70,0.70,False,NO_ACTION,0.00,0.00,0.000,False,False,False,0.70,False,NORMAL,10.00,False,False,False,False,0.00,False,0.00,False,False,False
07/01 12:10,25.312,22.000,24.600,27.267,eco,1.00,0.700,"The zone is slightly too warm (0.712C above setpoint), but recent actions have been consistently 'eco'. This suggests a gentle correction is needed to bring the zone back within comfort, without risking overshooting or excessive energy use.",0.000000,0.712,SUCCESS,True,,False,low,0.0,,[],0.70,0.70,0.70,0.70,0.70,False,NO_ACTION,0.00,0.00,0.000,False,False,False,0.70,False,NORMAL,10.00,False,False,False,False,0.00,False,0.00,False,False,False
07/01 13:10,26.444,22.000,24.600,28.150,eco,1.00,0.800,"The zone is slightly too warm (1.844C above setpoint), but recent actions have been consistently 'eco' indicating a stable oscillation between cooling and heating, which suggests the system is converging towards comfort without overshooting. The outdoor temperature is only 2.05C higher than the indo",0.000000,1.844,SUCCESS,True,,False,low,0.0,,[],0.70,0.70,0.70,0.70,0.70,False,NO_ACTION,0.00,0.00,0.000,False,False,False,0.70,False,NORMAL,10.00,False,False,False,False,0.00,False,0.00,False,False,False
07/01 14:10,25.564,22.000,26.600,28.417,eco,1.00,0.700,"The zone is currently within its comfort band (PMV not provided but assumed IN_BAND), and there's no significant deviation from setpoints. The recent history shows repeated use of 'eco' actions, indicating a stable state where further correction is needed but not urgent. Occupancy status is occupied",0.000000,0.000,SUCCESS,True,,False,low,0.0,,[],0.70,0.70,0.70,0.70,0.70,False,NO_ACTION,0.00,0.00,0.000,False,False,False,0.70,False,NORMAL,10.00,False,False,False,False,0.00,False,0.00,False,False,False
07/01 15:10,25.019,22.000,24.600,28.300,eco,1.00,0.700,"The zone is slightly too warm (0.419C above setpoint), but recent actions have been consistently 'eco' indicating a stable, gentle correction needed without overshooting. The outdoor temperature is comfortably within the range of the indoor temperature, suggesting passive conditioning may suffice.",0.000000,0.419,SUCCESS,True,,False,low,0.0,,[],0.70,0.70,0.70,0.70,0.70,False,NO_ACTION,0.00,0.00,0.000,False,False,False,0.70,False,NORMAL,10.00,False,False,False,False,0.00,False,0.00,False,False,False
07/01 16:10,26.674,22.000,24.600,26.700,eco,1.00,0.700,"The zone is slightly too warm (2.074C above setpoint), but it's currently occupied during an unoccupied hour. The recent history shows no deviation from eco, indicating a stable condition where the system is already gently correcting without overshooting. Given the current conditions and lack of sig",0.000000,2.074,SUCCESS,True,,False,low,0.0,,[],0.70,0.70,0.70,0.70,0.70,False,NO_ACTION,0.00,0.00,0.000,False,False,False,0.70,False,NORMAL,10.00,False,False,False,False,0.00,False,0.00,False,False,False
07/01 17:10,26.058,22.000,24.600,23.633,eco,1.00,0.700,"The zone is slightly too hot (1.458C above setpoint), but it's currently occupied during an unoccupied hour. The recent history shows no deviation from the eco setting, indicating a stable condition where gentle correction is needed without risking overshooting or undershooting.",0.000000,1.458,SUCCESS,True,,False,low,0.0,,[],0.70,0.70,0.70,0.70,0.70,False,NO_ACTION,0.00,0.00,0.000,False,False,False,0.70,False,NORMAL,10.00,False,False,False,False,0.00,False,0.00,False,False,False
07/01 18:10,26.534,22.000,26.600,23.367,eco,1.00,0.800,"The zone is currently within its comfort band (PMV not provided but assumed in-band), and there are no recent deviations from setpoints. The occupancy status indicates the system should be in cooling mode, with the outdoor temperature slightly cooler than the indoor temperature. Given the history of",0.000000,0.000,SUCCESS,True,,False,low,0.0,,[],0.70,0.70,0.70,0.70,0.70,False,NO_ACTION,0.00,0.00,0.000,False,False,False,0.70,False,NORMAL,10.00,False,False,False,False,0.00,False,0.00,False,False,False
07/01 19:10,24.348,22.000,26.600,23.650,eco,1.00,0.500,"The zone is currently within the comfort band (PMV not provided but assumed IN_BAND), and there are no recent actions indicating a need for rapid correction (all 'eco' in last 6 actions). The outdoor temperature is slightly cooler than the indoor, suggesting a small heating demand. Given the low con",0.000000,0.000,SUCCESS,True,,False,low,0.0,,[],0.70,0.70,0.70,0.70,0.70,False,NO_ACTION,0.00,0.00,0.000,False,False,False,0.70,False,NORMAL,10.00,False,False,False,False,0.00,False,0.00,False,False,False
07/01 20:10,25.469,22.000,24.600,23.333,eco,1.00,0.800,"The zone is slightly too warm (0.869C above cooling setpoint) during occupied hours. The recent history shows no deviation from the current eco setting, indicating a stable situation where a gentle correction with reduced coil speed is appropriate to maintain comfort without excessive energy usage.",0.000000,0.869,SUCCESS,True,,False,low,0.0,,[],0.70,0.70,0.70,0.70,0.70,False,NO_ACTION,0.00,0.00,0.000,False,False,False,0.70,False,NORMAL,10.00,False,False,False,False,0.00,False,0.00,False,False,False
07/01 21:10,26.496,22.000,26.600,22.983,eco,1.00,0.800,"The zone is currently within comfort band (PMV not provided but assumed IN_BAND), and occupancy is occupied. The recent history shows no deviation from the eco setting, indicating a stable condition where gentle correction is needed without risking overshooting or undershooting setpoints.",0.000000,0.000,SUCCESS,True,,False,low,0.0,,[],0.70,0.70,0.70,0.70,0.70,False,NO_ACTION,0.00,0.00,0.000,False,False,False,0.70,False,NORMAL,10.00,False,False,False,False,0.00,False,0.00,False,False,False
07/01 22:10,26.180,22.000,26.600,22.867,eco,1.00,0.800,"The zone is within the comfort band (PMV not provided but assumed in-band), occupancy is occupied, and recent actions have been consistently at eco level without any deviation from setpoints. The outdoor temperature is slightly cooler than the indoor temperature (+3.4C), which suggests a passive coo",0.000000,0.000,SUCCESS,True,,False,low,0.0,,[],0.70,0.70,0.70,0.70,0.70,False,NO_ACTION,0.00,0.00,0.000,False,False,False,0.70,False,NORMAL,10.00,False,False,False,False,0.00,False,0.00,False,False,False
07/01 23:10,26.081,22.000,26.600,22.617,eco,1.00,0.800,"The zone is within the comfort band (PMV not available but assumed IN_BAND), occupancy is occupied, and recent actions have been consistently at eco level without any deviation from setpoints. The outdoor temperature is slightly cooler than the indoor temperature (+3.47C), which suggests a passive c",0.000000,0.000,SUCCESS,True,,False,low,0.0,,[],0.70,0.70,0.70,0.70,0.70,False,NO_ACTION,0.00,0.00,0.000,False,False,False,0.70,False,NORMAL,10.00,False,False,False,False,0.00,False,0.00,False,False,False
07/02 00:10,26.231,22.000,26.600,22.167,eco,1.00,0.750,"The zone is currently within its comfort band (PMV not provided but assumed in-band), and there's no significant deviation from setpoints. The recent history shows multiple 'eco' actions, indicating a stable state where further correction is needed but not urgent. Occupancy status is occupied, so th",0.000000,0.000,SUCCESS,True,,False,low,0.0,,[],0.70,0.70,0.70,0.70,0.70,False,NO_ACTION,0.00,0.00,0.000,False,False,False,0.70,False,NORMAL,10.00,False,False,False,False,0.00,False,0.00,False,False,False
07/02 01:10,26.007,22.000,26.600,21.967,eco,1.00,0.700,"The zone is within the comfort band (PMV not available but assumed in-band), outdoor temperature is slightly cooler than setpoint, and recent actions have been consistently 'eco'. The system has a history of oscillating between boost and eco, which suggests it may be converging. Reducing the magnitu",0.000000,0.000,SUCCESS,True,,False,low,0.0,,[],0.70,0.70,0.70,0.70,0.70,False,NO_ACTION,0.00,0.00,0.000,False,False,False,0.70,False,NORMAL,10.00,False,False,False,False,0.00,False,0.00,False,False,False
07/02 02:10,25.762,22.000,26.600,21.767,eco,1.00,0.800,"The zone is within the comfort band (PMV not available but assumed in-band), and there's no recent deviation from setpoint. The occupancy is occupied, so we prioritize comfort over energy efficiency. Given the history of repeated 'eco' actions without significant deviations or changes in outdoor con",0.000000,0.000,SUCCESS,True,,False,low,0.0,,[],0.70,0.70,0.70,0.70,0.70,False,NO_ACTION,0.00,0.00,0.000,False,False,False,0.70,False,NORMAL,10.00,False,False,False,False,0.00,False,0.00,False,False,False
07/02 03:10,25.506,22.000,26.600,21.600,eco,1.00,0.600,"The zone is within the comfort band (PMV not provided but assumed IN_BAND), and there's no significant deviation from setpoints. The recent history shows only 'eco' actions, indicating a stable state where further correction is needed but not urgent. Given the low confidence score due to ambiguous d",0.000000,0.000,SUCCESS,True,,False,low,0.0,,[],0.70,0.70,0.70,0.70,0.70,False,NO_ACTION,0.00,0.00,0.000,False,False,False,0.70,False,NORMAL,10.00,False,False,False,False,0.00,False,0.00,False,False,False
07/02 04:10,25.277,22.000,26.600,21.583,eco,1.00,0.800,"The zone is currently within its comfort band (PMV index not available but assumed IN_BAND), and it has been operating at a low coil speed for the last six actions, indicating stability. The outdoor temperature is slightly cooler than the indoor temperature (+3.75C), which suggests passive cooling m",0.000000,0.000,SUCCESS,True,,False,low,0.0,,[],0.70,0.70,0.70,0.70,0.70,False,NO_ACTION,0.00,0.00,0.000,False,False,False,0.70,False,NORMAL,10.00,False,False,False,False,0.00,False,0.00,False,False,False
07/02 05:10,25.038,22.000,26.600,21.500,eco,1.00,0.400,"The zone is currently within its comfort band (PMV not provided but assumed IN_BAND), and there's no significant deviation from setpoints. The recent history shows frequent use of 'eco' actions, indicating a stable oscillation risk. Given the low confidence score due to ambiguous sensor data and out",0.000000,0.000,SUCCESS,True,,False,low,0.0,,[],0.70,0.70,0.70,0.70,0.70,False,NO_ACTION,0.00,0.00,0.000,False,False,False,0.70,False,NORMAL,10.00,False,False,False,False,0.00,False,0.00,False,False,False
07/02 06:10,24.830,22.000,26.600,21.500,off,0.00,0.300,"The zone is currently within its comfort band (PMV not provided but assumed IN_BAND), and it's in the pre-occupancy window (06:00-07:00). The recent history shows no deviation from eco mode, indicating a stable system. Given the low confidence score due to ambiguous outdoor conditions and the zone b",0.000000,0.000,ROLLED_BACK,True,,False,low,0.0,,[],0.70,0.70,0.70,0.70,0.70,False,NO_ACTION,0.00,0.00,0.000,False,False,False,0.70,False,NORMAL,10.00,False,False,False,False,0.00,False,0.00,False,False,False
07/02 07:10,24.930,22.000,26.600,21.650,eco,1.00,0.700,"The zone is currently within its comfort band (PMV not provided but assumed IN_BAND), and it's occupied during the day. The recent history shows frequent use of 'eco' actions, indicating a stable state where further correction is needed but not urgent. The outdoor temperature is slightly below the s",0.000000,0.000,SUCCESS,True,,False,low,0.0,,[],0.70,0.70,0.70,0.70,0.70,False,NO_ACTION,0.00,0.00,0.000,False,False,False,0.70,False,NORMAL,10.00,False,False,False,False,0.00,False,0.00,False,False,False
07/02 08:10,24.802,22.000,26.600,22.500,eco,1.00,0.800,"The zone is currently within its comfort band (PMV not provided but assumed IN_BAND), and it's occupied during the day hours. The recent history shows a consistent use of 'eco' actions, indicating that the system has been in a gentle correction mode without significant deviation from setpoints. Give",0.000000,0.000,SUCCESS,True,,False,low,0.0,,[],0.70,0.70,0.70,0.70,0.70,False,NO_ACTION,0.00,0.00,0.000,False,False,False,0.70,False,NORMAL,10.00,False,False,False,False,0.00,False,0.00,False,False,False
07/02 09:10,24.982,22.000,24.600,23.267,eco,1.00,0.700,"The zone is slightly too warm (0.382C), but it's currently occupied during an unoccupied hour. The recent history shows a pattern of repeated eco actions, indicating that the system is already in a stable state and does not need to escalate further. Reducing the coil speed from its current level wil",0.000000,0.382,SUCCESS,True,,False,low,0.0,,[],0.70,0.70,0.70,0.70,0.70,False,NO_ACTION,0.00,0.00,0.000,False,False,False,0.70,False,NORMAL,10.00,False,False,False,False,0.00,False,0.00,False,False,False
07/02 10:10,25.367,22.000,24.600,24.833,eco,1.00,0.700,"The zone is slightly too warm (0.767C above cooling setpoint) during occupied hours. The recent history shows frequent use of 'eco' actions, indicating a stable oscillation between this and 'off'. Given the current deviation and the tendency to alternate between these two states, reducing the magnit",0.000000,0.767,SUCCESS,True,,False,low,0.0,,[],0.70,0.70,0.70,0.70,0.70,False,NO_ACTION,0.00,0.00,0.000,False,False,False,0.70,False,NORMAL,10.00,False,False,False,False,0.00,False,0.00,False,False,False
07/02 11:10,26.540,22.000,26.600,26.183,eco,1.00,0.800,"The zone is currently within its comfort band (PMV not provided but assumed IN_BAND), and it has been in a stable state with multiple 'eco' actions recently. The outdoor temperature is slightly cooler than the indoor, indicating a small deviation that can be corrected gently without escalating to 'b",0.000000,0.000,SUCCESS,True,,False,low,0.0,,[],0.70,0.70,0.70,0.70,0.70,False,NO_ACTION,0.00,0.00,0.000,False,False,False,0.70,False,NORMAL,10.00,False,False,False,False,0.00,False,0.00,False,False,False
07/02 12:10,25.983,22.000,26.600,27.250,eco,1.00,0.700,"The zone is currently within comfort band (PMV not provided but assumed IN_BAND), and recent actions have been oscillating between 'eco' and 'off'. The occupancy status is occupied, so we prioritize comfort over energy efficiency. Given the small deviations from setpoints and the history of oscillat",0.000000,0.000,SUCCESS,True,,False,low,0.0,,[],0.70,0.70,0.70,0.70,0.70,False,NO_ACTION,0.00,0.00,0.000,False,False,False,0.70,False,NORMAL,10.00,False,False,False,False,0.00,False,0.00,False,False,False
07/02 13:10,26.040,22.000,24.600,28.000,eco,1.00,0.800,"The zone is slightly too hot (1.44C above setpoint), but it's currently occupied during the day. The recent history shows no deviation from 'eco' actions, indicating a stable situation where gentle correction with reduced coil speed ('eco') is appropriate to maintain comfort without overcorrecting.",0.000000,1.440,SUCCESS,True,,False,low,0.0,,[],0.70,0.70,0.70,0.70,0.70,False,NO_ACTION,0.00,0.00,0.000,False,False,False,0.70,False,NORMAL,10.00,False,False,False,False,0.00,False,0.00,False,False,False
07/02 14:10,25.318,22.000,26.600,27.933,eco,1.00,0.800,"The zone is currently within the comfort band with no deviation from setpoints (25.318C vs heating setpoint of 22.000C). The outdoor temperature is slightly higher than the indoor temperature, indicating a mild cooling load. Given that it's occupied and during an unoccupied hour would be considered ",0.000000,0.000,SUCCESS,True,,False,low,0.0,,[],0.70,0.70,0.70,0.70,0.70,False,NO_ACTION,0.00,0.00,0.000,False,False,False,0.70,False,NORMAL,10.00,False,False,False,False,0.00,False,0.00,False,False,False
07/02 15:10,24.462,22.000,26.600,27.700,eco,1.00,0.800,"The zone is currently within its comfort band (PMV not provided but assumed IN_BAND), and there are no recent deviations from setpoints. The occupancy status is OCCUPIED, so a small deviation of 0C is acceptable. The history shows that the coil speed has been at eco level for the last 6 actions, ind",0.000000,0.000,SUCCESS,True,,False,low,0.0,,[],0.70,0.70,0.70,0.70,0.70,False,NO_ACTION,0.00,0.00,0.000,False,False,False,0.70,False,NORMAL,10.00,False,False,False,False,0.00,False,0.00,False,False,False
07/02 16:10,24.696,22.000,24.600,28.000,eco,1.00,0.800,"The zone is slightly warmer than setpoint (0.096C), but within the acceptable comfort band for occupied hours. The recent history shows no deviation from 'eco' actions, indicating a stable condition where gentle correction with reduced coil speed ('eco') is sufficient.",0.000000,0.096,SUCCESS,True,,False,low,0.0,,[],0.70,0.70,0.70,0.70,0.70,False,NO_ACTION,0.00,0.00,0.000,False,False,False,0.70,False,NORMAL,10.00,False,False,False,False,0.00,False,0.00,False,False,False
07/02 17:10,26.475,22.000,26.600,26.700,eco,1.00,0.800,"The zone is currently within its comfort band (PMV index not available but assumed to be neutral). Occupancy is occupied, so we prioritize comfort over energy efficiency. The recent history shows no deviation from the eco setting, and the outdoor temperature is only slightly warmer than the indoor t",0.000000,0.000,SUCCESS,True,,False,low,0.0,,[],0.70,0.70,0.70,0.70,0.70,False,NO_ACTION,0.00,0.00,0.000,False,False,False,0.70,False,NORMAL,10.00,False,False,False,False,0.00,False,0.00,False,False,False
07/02 18:10,24.108,22.000,26.600,25.150,eco,1.00,0.800,"The zone is currently within its comfort band (PMV not available but assumed IN_BAND), and there are no recent actions indicating a need for rapid correction (all were eco). The outdoor temperature is slightly warmer than the indoor, suggesting a small cooling load. Given the current conditions, an ",0.000000,0.000,SUCCESS,True,,False,low,0.0,,[],0.70,0.70,0.70,0.70,0.70,False,NO_ACTION,0.00,0.00,0.000,False,False,False,0.70,False,NORMAL,10.00,False,False,False,False,0.00,False,0.00,False,False,False
07/02 19:10,25.174,22.000,26.600,24.833,eco,1.00,0.700,"The zone is currently within its comfort band (PMV not provided but assumed in-band), and there's no significant deviation from setpoints. The recent history shows repeated use of 'eco' actions, indicating a stable state where further correction is needed but not urgent. Given the current conditions",0.000000,0.000,SUCCESS,True,,False,low,0.0,,[],0.70,0.70,0.70,0.70,0.70,False,NO_ACTION,0.00,0.00,0.000,False,False,False,0.70,False,NORMAL,10.00,False,False,False,False,0.00,False,0.00,False,False,False
07/02 20:10,24.277,22.000,26.600,24.367,eco,1.00,0.800,"The zone is currently within its comfort band (PMV not provided but assumed IN_BAND), and there are no recent deviations from setpoints. The occupancy status is OCCUPIED, so a small deviation of 0.0C is acceptable. The history shows that the coil speed has been at eco level for the last 6 actions, i",0.000000,0.000,SUCCESS,True,,False,low,0.0,,[],0.70,0.70,0.70,0.70,0.70,False,NO_ACTION,0.00,0.00,0.000,False,False,False,0.70,False,NORMAL,10.00,False,False,False,False,0.00,False,0.00,False,False,False
07/02 21:10,25.411,22.000,24.600,23.650,eco,1.00,0.800,"The zone is slightly too warm (0.811C above cooling setpoint) during occupied hours. The recent history shows no deviation from the current eco setting, indicating a stable situation where reducing to an even gentler correction might be appropriate without risking overshooting or undershooting the c",0.000000,0.811,SUCCESS,True,,False,low,0.0,,[],0.70,0.70,0.70,0.70,0.70,False,NO_ACTION,0.00,0.00,0.000,False,False,False,0.70,False,NORMAL,10.00,False,False,False,False,0.00,False,0.00,False,False,False
07/02 22:10,26.585,22.000,26.600,23.383,eco,1.00,0.800,"The zone is within the comfort band (PMV not provided but assumed IN_BAND), occupancy is occupied, and there's no recent deviation from setpoints. The last 6 actions were all 'eco', indicating a stable state where further correction is unnecessary. The outdoor temperature is slightly below the indoo",0.000000,0.000,SUCCESS,True,,False,low,0.0,,[],0.70,0.70,0.70,0.70,0.70,False,NO_ACTION,0.00,0.00,0.000,False,False,False,0.70,False,NORMAL,10.00,False,False,False,False,0.00,False,0.00,False,False,False
07/02 23:10,26.566,22.000,26.600,23.250,eco,1.00,0.800,"The zone is within the comfort band (PMV not available but assumed in-band), and there are no recent deviations from setpoints. The occupancy status is occupied, so we prioritize comfort over energy efficiency. The last six actions were all 'eco', indicating a stable state with minimal deviation. Th",0.000000,0.000,SUCCESS,True,,False,low,0.0,,[],0.70,0.70,0.70,0.70,0.70,False,NO_ACTION,0.00,0.00,0.000,False,False,False,0.70,False,NORMAL,10.00,False,False,False,False,0.00,False,0.00,False,False,False
07/03 00:10,26.478,22.000,26.600,22.933,eco,1.00,0.900,"The zone is currently within its comfort band (PMV not provided but assumed IN_BAND), and there's no significant deviation from setpoints. The recent history shows repeated 'eco' actions, indicating a stable state where further correction is needed but not urgent. Occupancy status is occupied, so th",0.000000,0.000,SUCCESS,True,,False,low,0.0,,[],0.70,0.70,0.70,0.70,0.70,False,NO_ACTION,0.00,0.00,0.000,False,False,False,0.70,False,NORMAL,10.00,False,False,False,False,0.00,False,0.00,False,False,False
07/03 01:10,26.252,22.000,26.600,22.583,eco,1.00,0.600,"The zone is currently within its comfort band (PMV not provided but assumed IN_BAND), and there are no recent actions indicating a need for rapid correction (all were eco). The outdoor temperature is slightly cooler than the indoor, which suggests a small heating deviation. Given the low confidence ",0.000000,0.000,SUCCESS,True,,False,low,0.0,,[],0.70,0.70,0.70,0.70,0.70,False,NO_ACTION,0.00,0.00,0.000,False,False,False,0.70,False,NORMAL,10.00,False,False,False,False,0.00,False,0.00,False,False,False
07/03 02:10,26.098,22.000,26.600,22.483,eco,1.00,0.700,"The zone is currently within its comfort band (PMV not provided but assumed IN_BAND), and there are no recent deviations from setpoints. The occupancy status is OCCUPIED, so a small deviation of 0C is acceptable. The last six actions were all 'eco', indicating the system is in an oscillating state a",0.000000,0.000,SUCCESS,True,,False,low,0.0,,[],0.70,0.70,0.70,0.70,0.70,False,NO_ACTION,0.00,0.00,0.000,False,False,False,0.70,False,NORMAL,10.00,False,False,False,False,0.00,False,0.00,False,False,False
07/03 03:10,26.323,22.000,26.600,22.400,eco,1.00,0.800,"The zone is currently within its comfort band (PMV not provided but assumed in-band), and there are no recent deviations from setpoints. The occupancy status is occupied, so we prioritize comfort over energy efficiency. Given the recent history of all actions being 'eco', it suggests a stable state ",0.000000,0.000,SUCCESS,True,,False,low,0.0,,[],0.70,0.70,0.70,0.70,0.70,False,NO_ACTION,0.00,0.00,0.000,False,False,False,0.70,False,NORMAL,10.00,False,False,False,False,0.00,False,0.00,False,False,False
07/03 04:10,26.167,22.000,26.600,22.367,eco,1.00,0.800,"The zone is currently within its comfort band (PMV not provided but assumed IN_BAND), and it's in occupied hours (07:00-22:00). The recent history shows no deviation from the eco setting, indicating a stable condition. Given the current conditions, an eco action maintains the gentle correction neede",0.000000,0.000,SUCCESS,True,,False,low,0.0,,[],0.70,0.70,0.70,0.70,0.70,False,NO_ACTION,0.00,0.00,0.000,False,False,False,0.70,False,NORMAL,10.00,False,False,False,False,0.00,False,0.00,False,False,False
07/03 05:10,25.946,22.000,26.600,22.200,eco,1.00,0.800,"The zone is within the comfort band (PMV not provided but assumed IN_BAND), occupancy is occupied, and there's no recent deviation from setpoints. The history shows only 'eco' actions in the last 6 cycles, indicating a stable state with minimal oscillation risk. Given these conditions, an eco action",0.000000,0.000,SUCCESS,True,,False,low,0.0,,[],0.70,0.70,0.70,0.70,0.70,False,NO_ACTION,0.00,0.00,0.000,False,False,False,0.70,False,NORMAL,10.00,False,False,False,False,0.00,False,0.00,False,False,False
07/03 06:10,25.753,22.000,26.600,22.200,eco,1.00,0.400,"The zone is currently within its comfort band (PMV not provided but assumed IN_BAND), and it's in the pre-occupancy window (06:00-07:00). The recent history shows no deviation from the eco setting, indicating a stable condition. Given the low confidence score due to the lack of PMV data and the abse",0.000000,0.000,SUCCESS,True,,False,low,0.0,,[],0.70,0.70,0.70,0.70,0.70,False,NO_ACTION,0.00,0.00,0.000,False,False,False,0.70,False,NORMAL,10.00,False,False,False,False,0.00,False,0.00,False,False,False
07/03 07:10,25.924,22.000,26.600,22.217,eco,1.00,0.800,"The zone is currently within its comfort band (PMV not available but assumed in-band), occupancy is occupied, and there has been no deviation from setpoints for the last 6 actions. The outdoor temperature is slightly cooler than the indoor temperature (+3.714C), which suggests a passive cooling effe",0.000000,0.000,SUCCESS,True,,False,low,0.0,,[],0.70,0.70,0.70,0.70,0.70,False,NO_ACTION,0.00,0.00,0.000,False,False,False,0.70,False,NORMAL,10.00,False,False,False,False,0.00,False,0.00,False,False,False
07/03 08:10,25.433,22.000,26.600,22.350,eco,1.00,0.700,"The zone is currently within comfort band (PMV not provided but assumed IN_BAND), and recent actions have been consistently at 'eco' level without any deviation from setpoints. The outdoor temperature is slightly cooler than the indoor, indicating a small heating demand which is being met by the cur",0.000000,0.000,SUCCESS,True,,False,low,0.0,,[],0.70,0.70,0.70,0.70,0.70,False,NO_ACTION,0.00,0.00,0.000,False,False,False,0.70,False,NORMAL,10.00,False,False,False,False,0.00,False,0.00,False,False,False
07/03 09:10,24.975,22.000,26.600,22.800,eco,1.00,0.800,"The zone is currently within its comfort band (PMV index not provided but assumed IN_BAND), and it's occupied during an unoccupied hour (09:00). The recent history shows no deviation from the eco setting, indicating a stable condition. Given these factors, maintaining the current eco setting will li",0.000000,0.000,SUCCESS,True,,False,low,0.0,,[],0.70,0.70,0.70,0.70,0.70,False,NO_ACTION,0.00,0.00,0.000,False,False,False,0.70,False,NORMAL,10.00,False,False,False,False,0.00,False,0.00,False,False,False
07/03 10:10,25.060,22.000,24.600,23.900,eco,1.00,0.800,"The zone is slightly too warm (0.46C), but recent actions have been consistently 'eco' indicating a stable situation where gentle correction is sufficient without risking overshooting or excessive energy use.",0.000000,0.460,SUCCESS,True,,False,low,0.0,,[],0.70,0.70,0.70,0.70,0.70,False,NO_ACTION,0.00,0.00,0.000,False,False,False,0.70,False,NORMAL,10.00,False,False,False,False,0.00,False,0.00,False,False,False
07/03 11:10,24.767,22.000,26.600,24.600,eco,1.00,0.800,"The zone is currently within its comfort band (PMV not provided but assumed IN_BAND), and there are no recent actions indicating a need for rapid correction. The occupancy status is OCCUPIED, so we prioritize occupant comfort over energy efficiency. Given the recent history of all actions being 'eco",0.000000,0.000,SUCCESS,True,,False,low,0.0,,[],0.70,0.70,0.70,0.70,0.70,False,NO_ACTION,0.00,0.00,0.000,False,False,False,0.70,False,NORMAL,10.00,False,False,False,False,0.00,False,0.00,False,False,False
07/03 12:10,26.229,22.000,26.600,25.583,eco,1.00,0.800,"The zone is currently within its comfort band (PMV not provided but assumed IN_BAND), and there are no recent deviations from setpoints. The occupancy status is OCCUPIED, so we prioritize comfort over energy efficiency. Given the recent history of all actions being 'eco', it suggests a stable state ",0.000000,0.000,SUCCESS,True,,False,low,0.0,,[],0.70,0.70,0.70,0.70,0.70,False,NO_ACTION,0.00,0.00,0.000,False,False,False,0.70,False,NORMAL,10.00,False,False,False,False,0.00,False,0.00,False,False,False
07/03 13:10,26.269,22.000,26.600,25.683,eco,1.00,0.800,"The zone is currently within its comfort band (PMV not provided but assumed in-band), and recent actions have been consistently at 'eco' level without any deviation from setpoints. The outdoor temperature is slightly cooler than the indoor, indicating a small cooling demand which can be met by maint",0.000000,0.000,SUCCESS,True,,False,low,0.0,,[],0.70,0.70,0.70,0.70,0.70,False,NO_ACTION,0.00,0.00,0.000,False,False,False,0.70,False,NORMAL,10.00,False,False,False,False,0.00,False,0.00,False,False,False
07/03 14:10,24.497,22.000,26.600,26.633,eco,1.00,0.700,"The zone is currently within the comfort band (PMV not provided but assumed IN_BAND), and there's no significant deviation from setpoints. The recent history shows multiple 'eco' actions, indicating a stable oscillation risk. Given the current conditions, reducing the magnitude of correction aligns ",0.000000,0.000,SUCCESS,True,,False,low,0.0,,[],0.70,0.70,0.70,0.70,0.70,False,NO_ACTION,0.00,0.00,0.000,False,False,False,0.70,False,NORMAL,10.00,False,False,False,False,0.00,False,0.00,False,False,False
07/03 15:10,24.491,22.000,26.600,26.467,eco,1.00,0.800,"The zone is currently within its comfort band (PMV not provided but assumed IN_BAND), and there's no recent history of overshooting or oscillation risk. The outdoor temperature is slightly warmer than the indoor, indicating a small cooling demand. Given the recent history of consistently using 'eco'",0.000000,0.000,SUCCESS,True,,False,low,0.0,,[],0.70,0.70,0.70,0.70,0.70,False,NO_ACTION,0.00,0.00,0.000,False,False,False,0.70,False,NORMAL,10.00,False,False,False,False,0.00,False,0.00,False,False,False
07/03 16:10,25.439,22.000,24.600,24.567,eco,1.00,0.800,"The zone is slightly too warm (0.839C above cooling setpoint) during occupied hours. The recent history shows no deviation from the current eco setting, indicating a stable situation where a gentle correction with the eco action is sufficient without risking overshooting or excessive energy usage.",0.000000,0.839,SUCCESS,True,,False,low,0.0,,[],0.70,0.70,0.70,0.70,0.70,False,NO_ACTION,0.00,0.00,0.000,False,False,False,0.70,False,NORMAL,10.00,False,False,False,False,0.00,False,0.00,False,False,False
07/03 17:10,25.377,22.000,24.600,23.100,eco,1.00,0.800,"The zone is slightly too warm (0.777C above cooling setpoint) during occupied hours. The recent history shows no deviation from the current eco setting, indicating a stable situation where a gentle correction with moderate speed is appropriate without risking overshooting or undershooting the comfor",0.000000,0.777,SUCCESS,True,,False,low,0.0,,[],0.70,0.70,0.70,0.70,0.70,False,NO_ACTION,0.00,0.00,0.000,False,False,False,0.70,False,NORMAL,10.00,False,False,False,False,0.00,False,0.00,False,False,False
07/03 18:10,26.280,22.000,24.600,21.567,eco,1.00,0.700,"The zone is slightly too warm (1.68C above setpoint), but recent actions have been consistently 'eco' indicating a stable oscillation around the comfort band. Occupancy is occupied, and there's no strong need for rapid correction as the outdoor temperature is only 3.067C below the indoor temperature",0.000000,1.680,SUCCESS,True,,False,low,0.0,,[],0.70,0.70,0.70,0.70,0.70,False,NO_ACTION,0.00,0.00,0.000,False,False,False,0.70,False,NORMAL,10.00,False,False,False,False,0.00,False,0.00,False,False,False
07/03 19:10,25.637,22.000,24.600,21.417,eco,1.00,0.700,"The zone is slightly warmer than setpoint (1.037C), but it's currently occupied during an unoccupied hour. The recent history shows no deviation from the eco setting, indicating a stable condition where gentle correction is needed without risking overshooting or excessive energy use.",0.000000,1.037,SUCCESS,True,,False,low,0.0,,[],0.70,0.70,0.70,0.70,0.70,False,NO_ACTION,0.00,0.00,0.000,False,False,False,0.70,False,NORMAL,10.00,False,False,False,False,0.00,False,0.00,False,False,False
07/03 20:10,26.541,22.000,26.600,21.433,eco,1.00,0.700,"The zone is currently within its comfort band (PMV not provided but assumed IN_BAND), and there's no significant deviation from setpoints. The recent history shows repeated use of 'eco' actions, indicating a stable state where further correction is needed but not urgent. Occupancy status is occupied",0.000000,0.000,SUCCESS,True,,False,low,0.0,,[],0.70,0.70,0.70,0.70,0.70,False,NO_ACTION,0.00,0.00,0.000,False,False,False,0.70,False,NORMAL,10.00,False,False,False,False,0.00,False,0.00,False,False,False
07/03 21:10,25.256,22.000,26.600,21.083,eco,1.00,0.800,"The zone is currently within its comfort band (PMV index not available but assumed IN_BAND), and there are no recent actions indicating a need for rapid correction (all 'eco' in last 6 actions). The outdoor temperature is slightly cooler than the indoor, suggesting a small heating deviation. Given t",0.000000,0.000,SUCCESS,True,,False,low,0.0,,[],0.70,0.70,0.70,0.70,0.70,False,NO_ACTION,0.00,0.00,0.000,False,False,False,0.70,False,NORMAL,10.00,False,False,False,False,0.00,False,0.00,False,False,False
07/03 22:10,26.181,22.000,26.600,21.000,eco,1.00,0.800,"The zone is comfortably within both setpoints (26.181C vs 22.000C heating, 26.600C cooling), with no deviation from either setpoint and a PMV comfort index not provided. Occupancy is occupied, but the recent history of actions shows only 'eco' without any escalation to 'boost'. The outdoor temperatu",0.000000,0.000,SUCCESS,True,,False,low,0.0,,[],0.70,0.70,0.70,0.70,0.70,False,NO_ACTION,0.00,0.00,0.000,False,False,False,0.70,False,NORMAL,10.00,False,False,False,False,0.00,False,0.00,False,False,False
07/03 23:10,25.944,22.000,26.600,20.967,eco,1.00,0.500,"The zone is currently within its comfort band (PMV not provided but assumed IN_BAND), and it's in an unoccupied hour (23:00). The recent history shows no deviation from the eco setting, indicating a stable condition. Given the low confidence score due to the lack of clear signals on whether the zone",0.000000,0.000,SUCCESS,True,,False,low,0.0,,[],0.70,0.70,0.70,0.70,0.70,False,NO_ACTION,0.00,0.00,0.000,False,False,False,0.70,False,NORMAL,10.00,False,False,False,False,0.00,False,0.00,False,False,False
07/04 00:10,26.235,22.000,26.600,20.767,eco,1.00,0.800,"The zone is currently within its comfort band (PMV not provided but assumed IN_BAND), and there's no significant deviation from setpoints. Occupancy is occupied, so we prioritize comfort over energy efficiency. The recent history shows repeated 'eco' actions without any signs of oscillation or need ",0.000000,0.000,SUCCESS,True,,False,low,0.0,,[],0.70,0.70,0.70,0.70,0.70,False,NO_ACTION,0.00,0.00,0.000,False,False,False,0.70,False,NORMAL,10.00,False,False,False,False,0.00,False,0.00,False,False,False
07/04 01:10,25.952,22.000,26.600,20.600,eco,1.00,0.800,"The zone is currently within its comfort band (PMV not provided but assumed in-band as Comfort Status is IN_BAND). The outdoor temperature is 20.6°C, which is slightly below the cooling setpoint of 26.6°C. Given that the recent history shows only 'eco' actions and no deviation from the setpoints, it",0.000000,0.000,SUCCESS,True,,False,low,0.0,,[],0.70,0.70,0.70,0.70,0.70,False,NO_ACTION,0.00,0.00,0.000,False,False,False,0.70,False,NORMAL,10.00,False,False,False,False,0.00,False,0.00,False,False,False
07/04 02:10,25.716,22.000,26.600,20.617,eco,1.00,0.800,"The zone is within the comfort band (PMV not provided but assumed IN_BAND), occupancy is occupied, and recent actions have been consistently at eco level with no deviation from setpoints. The outdoor temperature is slightly cooler than the indoor temperature, indicating a small heating demand which ",0.000000,0.000,SUCCESS,True,,False,low,0.0,,[],0.70,0.70,0.70,0.70,0.70,False,NO_ACTION,0.00,0.00,0.000,False,False,False,0.70,False,NORMAL,10.00,False,False,False,False,0.00,False,0.00,False,False,False
07/04 03:10,25.476,22.000,26.600,20.717,eco,1.00,0.800,"The zone is currently within its comfort band (PMV index not available but assumed IN_BAND), and it has been operating at a low coil speed for the last six actions, indicating stable operation without significant deviation. The outdoor temperature is slightly below the setpoint, suggesting a slight ",0.000000,0.000,SUCCESS,True,,False,low,0.0,,[],0.70,0.70,0.70,0.70,0.70,False,NO_ACTION,0.00,0.00,0.000,False,False,False,0.70,False,NORMAL,10.00,False,False,False,False,0.00,False,0.00,False,False,False
07/04 04:10,25.243,22.000,26.600,20.800,eco,1.00,0.800,"The zone is currently within its comfort band (PMV not available but assumed IN_BAND), and there's no significant deviation from setpoints. The recent history shows repeated use of 'eco' actions, indicating a stable state where further correction is needed but not urgent. Occupancy status is occupie",0.000000,0.000,SUCCESS,True,,False,low,0.0,,[],0.70,0.70,0.70,0.70,0.70,False,NO_ACTION,0.00,0.00,0.000,False,False,False,0.70,False,NORMAL,10.00,False,False,False,False,0.00,False,0.00,False,False,False
07/04 05:10,25.036,22.000,26.600,20.817,eco,1.00,0.800,"The zone is within the comfort band (PMV not available but assumed IN_BAND), and occupancy is occupied. The recent history shows no deviation from the eco setting, indicating a stable condition where gentle correction is needed without risking overshooting or undershooting setpoints.",0.000000,0.000,SUCCESS,True,,False,low,0.0,,[],0.70,0.70,0.70,0.70,0.70,False,NO_ACTION,0.00,0.00,0.000,False,False,False,0.70,False,NORMAL,10.00,False,False,False,False,0.00,False,0.00,False,False,False
07/04 06:10,24.821,22.000,26.600,20.933,eco,1.00,0.500,"The zone is currently within its comfort band (PMV not provided but assumed IN_BAND), and it's in the pre-occupancy window (06:00-07:00). The recent history shows no deviation from the eco setting, indicating a stable condition. Given the low confidence score due to the lack of PMV data and the abse",0.000000,0.000,SUCCESS,True,,False,low,0.0,,[],0.70,0.70,0.70,0.70,0.70,False,NO_ACTION,0.00,0.00,0.000,False,False,False,0.70,False,NORMAL,10.00,False,False,False,False,0.00,False,0.00,False,False,False
07/04 07:10,24.885,22.000,26.600,21.150,eco,1.00,0.800,"The zone is currently within the comfort band (PMV not provided but assumed IN_BAND), and it's occupied during the pre-occupancy window from 06:00 to 07:00. The recent history shows no deviation beyond the tolerance of ±1.5C, and the outdoor temperature is slightly cooler than the indoor temperature",0.000000,0.000,SUCCESS,True,,False,low,0.0,,[],0.70,0.70,0.70,0.70,0.70,False,NO_ACTION,0.00,0.00,0.000,False,False,False,0.70,False,NORMAL,10.00,False,False,False,False,0.00,False,0.00,False,False,False
07/04 08:10,26.486,22.000,26.600,21.467,eco,1.00,0.750,"The zone is currently within its comfort band (PMV not provided but assumed IN_BAND), and it's occupied during the day hours. The recent history shows no deviation from the eco setting, indicating a stable condition where gentle correction is needed without overshooting or undershooting. Given the c",0.000000,0.000,SUCCESS,True,,False,low,0.0,,[],0.70,0.70,0.70,0.70,0.70,False,NO_ACTION,0.00,0.00,0.000,False,False,False,0.70,False,NORMAL,10.00,False,False,False,False,0.00,False,0.00,False,False,False
07/04 09:10,25.759,22.000,24.600,21.933,eco,1.00,0.800,"The zone is slightly too warm (1.159C above setpoint), but recent actions have been consistently 'eco' indicating a stable oscillation between cooling and heating, which suggests the system is converging on the correct setting without overcorrecting. The outdoor temperature is comfortably within 3C ",0.000000,1.159,SUCCESS,True,,False,low,0.0,,[],0.70,0.70,0.70,0.70,0.70,False,NO_ACTION,0.00,0.00,0.000,False,False,False,0.70,False,NORMAL,10.00,False,False,False,False,0.00,False,0.00,False,False,False
07/04 10:10,24.398,22.000,26.600,22.700,eco,1.00,0.750,"The zone is currently within its comfort band (PMV index not provided but assumed to be neutral), and there are no recent actions indicating a need for rapid correction. The occupancy status is occupied, so we prioritize comfort over energy efficiency. Given the recent history of all actions being '",0.000000,0.000,SUCCESS,True,,False,low,0.0,,[],0.70,0.70,0.70,0.70,0.70,False,NO_ACTION,0.00,0.00,0.000,False,False,False,0.70,False,NORMAL,10.00,False,False,False,False,0.00,False,0.00,False,False,False
07/04 11:10,25.132,22.000,24.600,23.533,eco,1.00,0.800,"The zone is slightly too warm (0.532C), but recent actions have been consistently 'eco' indicating a stable oscillation between cooling and heating. The outdoor temperature is only 1.913C below the indoor, which is within the acceptable range for passive conditioning. Occupancy status is occupied, s",0.000000,0.532,SUCCESS,True,,False,low,0.0,,[],0.70,0.70,0.70,0.70,0.70,False,NO_ACTION,0.00,0.00,0.000,False,False,False,0.70,False,NORMAL,10.00,False,False,False,False,0.00,False,0.00,False,False,False
07/04 12:10,25.834,22.000,26.600,25.283,eco,1.00,0.400,"The zone is currently within its comfort band (PMV not provided but assumed IN_BAND), and there are no recent actions indicating a need for rapid correction (all were 'eco'). The deviation from setpoints is minimal, at 0.0C in both directions. Given the low confidence score due to ambiguous sensor d",0.000000,0.000,SUCCESS,True,,False,low,0.0,,[],0.70,0.70,0.70,0.70,0.70,False,NO_ACTION,0.00,0.00,0.000,False,False,False,0.70,False,NORMAL,10.00,False,False,False,False,0.00,False,0.00,False,False,False
07/04 13:10,26.054,22.000,24.600,25.217,eco,1.00,0.800,"The zone is slightly too hot (1.454C above setpoint) but within the comfortable range for occupied hours. The recent history shows no deviation from eco mode, indicating a stable situation where reducing the coil speed to eco level will suffice without risking overshooting or undershooting.",0.000000,1.454,SUCCESS,True,,False,low,0.0,,[],0.70,0.70,0.70,0.70,0.70,False,NO_ACTION,0.00,0.00,0.000,False,False,False,0.70,False,NORMAL,10.00,False,False,False,False,0.00,False,0.00,False,False,False
07/04 14:10,25.972,22.000,26.600,22.750,eco,1.00,0.700,"The zone is currently within the comfort band (PMV not provided but assumed IN_BAND), and there's no significant deviation from setpoints. The recent history shows multiple 'eco' actions, indicating a stable oscillation risk. Given the current conditions, reducing the coil speed to 'eco' maintains s",0.000000,0.000,SUCCESS,True,,False,low,0.0,,[],0.70,0.70,0.70,0.70,0.70,False,NO_ACTION,0.00,0.00,0.000,False,False,False,0.70,False,NORMAL,10.00,False,False,False,False,0.00,False,0.00,False,False,False
07/04 15:10,24.977,22.000,26.600,22.500,eco,1.00,0.800,"The zone is currently within the comfort band with a deviation of 0.0C from both setpoints. The recent history shows no deviations beyond the ±1.5C tolerance for unoccupied hours, and the PMV index is unavailable but likely neutral given the current conditions. Occupancy status indicates occupied, s",0.000000,0.000,SUCCESS,True,,False,low,0.0,,[],0.70,0.70,0.70,0.70,0.70,False,NO_ACTION,0.00,0.00,0.000,False,False,False,0.70,False,NORMAL,10.00,False,False,False,False,0.00,False,0.00,False,False,False
07/04 16:10,25.147,22.000,24.600,22.367,eco,1.00,0.800,"The zone is slightly too warm (0.547C), but recent actions have been consistently 'eco' indicating a stable oscillation around the setpoint. Occupancy is occupied, so we prioritize comfort within ±0.5C of setpoint. The outdoor temperature is only 2.367C above the zone temperature, suggesting minimal",0.000000,0.547,SUCCESS,True,,False,low,0.0,,[],0.70,0.70,0.70,0.70,0.70,False,NO_ACTION,0.00,0.00,0.000,False,False,False,0.70,False,NORMAL,10.00,False,False,False,False,0.00,False,0.00,False,False,False
07/04 17:10,24.270,22.000,26.600,21.750,eco,1.00,0.800,"The zone is currently within its comfort band (PMV not provided but assumed in-band), and there's no significant deviation from setpoints. The recent history shows multiple 'eco' actions, indicating a stable state where the system is already gently correcting small deviations. Given the current cond",0.000000,0.000,SUCCESS,True,,False,low,0.0,,[],0.70,0.70,0.70,0.70,0.70,False,NO_ACTION,0.00,0.00,0.000,False,False,False,0.70,False,NORMAL,10.00,False,False,False,False,0.00,False,0.00,False,False,False
07/04 18:10,26.308,22.000,26.600,22.033,eco,1.00,0.800,"The zone is currently within the comfort band (PMV index not available but assumed in-band), and there are no recent deviations from setpoints. The occupancy status is occupied, so a gentle correction with 'eco' action is preferred to maintain occupant comfort without unnecessary energy consumption.",0.000000,0.000,SUCCESS,True,,False,low,0.0,,[],0.70,0.70,0.70,0.70,0.70,False,NO_ACTION,0.00,0.00,0.000,False,False,False,0.70,False,NORMAL,10.00,False,False,False,False,0.00,False,0.00,False,False,False
07/04 19:10,25.764,22.000,26.600,22.217,eco,1.00,0.800,"The zone is currently within its comfort band (PMV not provided but assumed IN_BAND), and there are no recent deviations from setpoints. The occupancy status is OCCUPIED, so we prioritize comfort over energy efficiency. Given the history of six consecutive 'eco' actions without any deviation, it's r",0.000000,0.000,SUCCESS,True,,False,low,0.0,,[],0.70,0.70,0.70,0.70,0.70,False,NO_ACTION,0.00,0.00,0.000,False,False,False,0.70,False,NORMAL,10.00,False,False,False,False,0.00,False,0.00,False,False,False
07/04 20:10,24.862,22.000,24.600,22.200,eco,1.00,0.800,"The zone is slightly too warm (0.262C above setpoint) during occupied hours. The recent history shows no deviation from the eco setting, indicating a stable condition where a gentle correction with reduced coil speed is sufficient to bring the zone back within comfort range without risking overshoot",0.000000,0.262,SUCCESS,True,,False,low,0.0,,[],0.70,0.70,0.70,0.70,0.70,False,NO_ACTION,0.00,0.00,0.000,False,False,False,0.70,False,NORMAL,10.00,False,False,False,False,0.00,False,0.00,False,False,False
07/04 21:10,25.192,22.000,26.600,21.683,eco,1.00,0.800,"The zone is currently within its comfort band (PMV not provided but assumed in-band), and there are no recent deviations from setpoints. The occupancy status is occupied, so we prioritize comfort over energy efficiency. Given the history of repeated 'eco' actions without significant deviation or cha",0.000000,0.000,SUCCESS,True,,False,low,0.0,,[],0.70,0.70,0.70,0.70,0.70,False,NO_ACTION,0.00,0.00,0.000,False,False,False,0.70,False,NORMAL,10.00,False,False,False,False,0.00,False,0.00,False,False,False
07/04 22:10,24.922,22.000,26.600,21.550,eco,1.00,0.700,"The zone is currently within the comfort band (PMV not available but assumed IN_BAND), and there are no recent deviations from setpoints. The occupancy status is OCCUPIED, so we prioritize comfort over energy efficiency. Given the history of repeated 'eco' actions in the last 6 cycles, it's prudent ",0.000000,0.000,SUCCESS,True,,False,low,0.0,,[],0.70,0.70,0.70,0.70,0.70,False,NO_ACTION,0.00,0.00,0.000,False,False,False,0.70,False,NORMAL,10.00,False,False,False,False,0.00,False,0.00,False,False,False
07/04 23:10,26.247,22.000,26.600,21.283,eco,1.00,0.800,"The zone is currently within its comfort band (PMV index not available but assumed IN_BAND), and there are no recent deviations from setpoints. The outdoor temperature is slightly cooler than the indoor, indicating a small cooling deviation of 0.042C. Given the recent history of all actions being 'e",0.000000,0.000,SUCCESS,True,,False,low,0.0,,[],0.70,0.70,0.70,0.70,0.70,False,NO_ACTION,0.00,0.00,0.000,False,False,False,0.70,False,NORMAL,10.00,False,False,False,False,0.00,False,0.00,False,False,False
07/05 00:10,26.016,22.000,26.600,21.167,eco,1.00,0.800,"The zone is currently within its comfort band (PMV index not available but assumed to be neutral). Occupancy is occupied, so we prioritize comfort over energy efficiency. The recent history shows no deviation from eco mode, and the outdoor temperature is slightly below the setpoint, indicating a sma",0.000000,0.000,SUCCESS,True,,False,low,0.0,,[],0.70,0.70,0.70,0.70,0.70,False,NO_ACTION,0.00,0.00,0.000,False,False,False,0.70,False,NORMAL,10.00,False,False,False,False,0.00,False,0.00,False,False,False
07/05 01:10,25.541,22.000,26.600,20.950,eco,1.00,0.800,"The zone is currently within its comfort band (PMV index not available but assumed IN_BAND), and there are no recent deviations from setpoints. The occupancy status is OCCUPIED, so we prioritize comfort over energy efficiency. The last six actions were all 'eco', indicating a stable state where the ",0.000000,0.000,SUCCESS,True,,False,low,0.0,,[],0.70,0.70,0.70,0.70,0.70,False,NO_ACTION,0.00,0.00,0.000,False,False,False,0.70,False,NORMAL,10.00,False,False,False,False,0.00,False,0.00,False,False,False
07/05 02:10,25.188,22.000,26.600,20.683,eco,1.00,0.800,"The zone is currently within the comfort band (PMV not provided but assumed IN_BAND), and there are no recent deviations from setpoints. The occupancy status is OCCUPIED, so we prioritize comfort over energy efficiency. Given that all previous actions were 'eco', which indicates a gentle correction ",0.000000,0.000,SUCCESS,True,,False,low,0.0,,[],0.70,0.70,0.70,0.70,0.70,False,NO_ACTION,0.00,0.00,0.000,False,False,False,0.70,False,NORMAL,10.00,False,False,False,False,0.00,False,0.00,False,False,False
07/05 03:10,24.866,22.000,26.600,20.567,eco,1.00,0.800,"The zone is within the comfort band (PMV not available but assumed IN_BAND), and there's no deviation from setpoints. Occupancy is occupied, so we prioritize comfort over energy efficiency. The recent history shows repeated 'eco' actions without any significant deviations or changes in outdoor condi",0.000000,0.000,SUCCESS,True,,False,low,0.0,,[],0.70,0.70,0.70,0.70,0.70,False,NO_ACTION,0.00,0.00,0.000,False,False,False,0.70,False,NORMAL,10.00,False,False,False,False,0.00,False,0.00,False,False,False
07/05 04:10,24.527,22.000,26.600,20.383,eco,1.00,0.800,"The zone is currently within its comfort band (PMV not provided but assumed in-band), and there are no recent deviations from setpoints. The occupancy status is occupied, so we prioritize comfort over energy efficiency. Given the history of repeated 'eco' actions without significant deviation or cha",0.000000,0.000,SUCCESS,True,,False,low,0.0,,[],0.70,0.70,0.70,0.70,0.70,False,NO_ACTION,0.00,0.00,0.000,False,False,False,0.70,False,NORMAL,10.00,False,False,False,False,0.00,False,0.00,False,False,False
07/05 05:10,24.203,22.000,26.600,20.300,eco,1.00,0.800,"The zone is currently within its comfort band (PMV not provided but assumed in-band), and there are no recent deviations from setpoints. The occupancy status is occupied, so we prioritize comfort over energy efficiency. Given the recent history of all actions being 'eco', it suggests a stable condit",0.000000,0.000,SUCCESS,True,,False,low,0.0,,[],0.70,0.70,0.70,0.70,0.70,False,NO_ACTION,0.00,0.00,0.000,False,False,False,0.70,False,NORMAL,10.00,False,False,False,False,0.00,False,0.00,False,False,False
07/05 06:10,23.920,22.000,26.600,20.333,off,0.00,0.300,"The zone is currently within its comfort band (PMV not provided but assumed IN_BAND), and it's in the pre-occupancy window (06:00-07:00). The recent history shows no deviation from eco, indicating a stable state. Given the low confidence score due to ambiguous outdoor conditions and the lack of clea",0.000000,0.000,ROLLED_BACK,True,,False,low,0.0,,[],0.70,0.70,0.70,0.70,0.70,False,NO_ACTION,0.00,0.00,0.000,False,False,False,0.70,False,NORMAL,10.00,False,False,False,False,0.00,False,0.00,False,False,False
07/05 07:10,24.046,22.000,26.600,20.650,eco,1.00,0.800,"The zone is currently within its comfort band (PMV index not available but assumed in-band), and it's occupied during the pre-occupancy window from 06:00 to 07:00. The recent history shows frequent use of 'eco' actions, indicating a stable state where further oscillation risk is low. Given the curre",0.000000,0.000,SUCCESS,True,,False,low,0.0,,[],0.70,0.70,0.70,0.70,0.70,False,NO_ACTION,0.00,0.00,0.000,False,False,False,0.70,False,NORMAL,10.00,False,False,False,False,0.00,False,0.00,False,False,False
07/05 08:10,24.887,22.000,26.600,21.567,eco,1.00,0.800,"The zone is currently within its comfort band (PMV not provided but assumed in-band), and it's occupied during the day. The recent history shows a pattern of 'eco' actions, indicating that the system has been oscillating between cooling and heating at a moderate level. Given this context, reducing t",0.000000,0.000,SUCCESS,True,,False,low,0.0,,[],0.70,0.70,0.70,0.70,0.70,False,NO_ACTION,0.00,0.00,0.000,False,False,False,0.70,False,NORMAL,10.00,False,False,False,False,0.00,False,0.00,False,False,False
07/05 09:10,26.163,22.000,26.600,22.683,eco,1.00,0.800,"The zone is currently within the comfort band (PMV not provided but assumed IN_BAND), and the occupancy context indicates occupied hours. The recent history shows no deviation from the eco setting, which suggests a stable condition where gentle correction is needed without overshooting or undershoot",0.000000,0.000,SUCCESS,True,,False,low,0.0,,[],0.70,0.70,0.70,0.70,0.70,False,NO_ACTION,0.00,0.00,0.000,False,False,False,0.70,False,NORMAL,10.00,False,False,False,False,0.00,False,0.00,False,False,False
07/05 10:10,26.246,22.000,26.600,24.250,eco,1.00,0.700,"The zone is currently within its comfort band (PMV not provided but assumed IN_BAND), and there's no significant deviation from setpoints. The recent history shows frequent use of 'eco' actions, indicating a stable state where further correction is needed but not urgent. Occupancy status is occupied",0.000000,0.000,SUCCESS,True,,False,low,0.0,,[],0.70,0.70,0.70,0.70,0.70,False,NO_ACTION,0.00,0.00,0.000,False,False,False,0.70,False,NORMAL,10.00,False,False,False,False,0.00,False,0.00,False,False,False
07/05 11:10,24.615,22.000,26.600,25.200,eco,1.00,0.700,"The zone is currently within its comfort band (PMV not provided but assumed IN_BAND), and it has been in a stable state with multiple 'eco' actions recently. The outdoor temperature is slightly warmer than the indoor, indicating a small cooling demand which can be met by maintaining current operatio",0.000000,0.000,SUCCESS,True,,False,low,0.0,,[],0.70,0.70,0.70,0.70,0.70,False,NO_ACTION,0.00,0.00,0.000,False,False,False,0.70,False,NORMAL,10.00,False,False,False,False,0.00,False,0.00,False,False,False
07/05 12:10,24.482,22.000,26.600,26.367,eco,1.00,0.700,"The zone is currently within its comfort band (PMV index not available but assumed IN_BAND), and there are no recent oscillations between boost and eco actions. The outdoor temperature is slightly warmer than the indoor temperature, suggesting a small cooling load. Given the recent history of mostly",0.000000,0.000,SUCCESS,True,,False,low,0.0,,[],0.70,0.70,0.70,0.70,0.70,False,NO_ACTION,0.00,0.00,0.000,False,False,False,0.70,False,NORMAL,10.00,False,False,False,False,0.00,False,0.00,False,False,False
07/05 13:10,25.035,22.000,24.600,27.317,eco,1.00,0.800,"The zone is slightly too hot (0.435C), but recent actions have been consistently 'eco' indicating a stable oscillation between cooling and heating. The occupancy status is occupied, so we prioritize comfort within ±0.5C of setpoint. Given the recent history of consistent 'eco' actions, reducing the ",0.000000,0.435,SUCCESS,True,,False,low,0.0,,[],0.70,0.70,0.70,0.70,0.70,False,NO_ACTION,0.00,0.00,0.000,False,False,False,0.70,False,NORMAL,10.00,False,False,False,False,0.00,False,0.00,False,False,False
07/05 14:10,26.394,22.000,26.600,28.067,eco,1.00,0.800,"The zone is currently within its comfort band (PMV index not provided but assumed to be neutral). Occupancy is occupied, so we prioritize comfort over energy efficiency. The recent history shows no deviation from eco mode, and the outdoor temperature is only slightly warmer than the indoor temperatu",0.000000,0.000,SUCCESS,True,,False,low,0.0,,[],0.70,0.70,0.70,0.70,0.70,False,NO_ACTION,0.00,0.00,0.000,False,False,False,0.70,False,NORMAL,10.00,False,False,False,False,0.00,False,0.00,False,False,False
07/05 15:10,25.321,22.000,24.600,28.817,eco,1.00,0.700,"The zone is slightly too warm (0.721C above setpoint), but recent actions have been consistently 'eco' indicating a stable oscillation between cooling and heating. The outdoor temperature is only 3.617C higher than the indoor, which suggests that passive cooling or gentle adjustment might suffice gi",0.000000,0.721,SUCCESS,True,,False,low,0.0,,[],0.70,0.70,0.70,0.70,0.70,False,NO_ACTION,0.00,0.00,0.000,False,False,False,0.70,False,NORMAL,10.00,False,False,False,False,0.00,False,0.00,False,False,False
07/05 16:10,25.383,22.000,24.600,28.200,eco,1.00,0.700,"The zone is slightly too warm (0.783C above setpoint), but recent actions have been consistently 'eco' indicating a stable oscillation between cooling and heating, which suggests reducing the magnitude of correction to avoid unnecessary energy usage or rapid cycling.",0.000000,0.783,SUCCESS,True,,False,low,0.0,,[],0.70,0.70,0.70,0.70,0.70,False,NO_ACTION,0.00,0.00,0.000,False,False,False,0.70,False,NORMAL,10.00,False,False,False,False,0.00,False,0.00,False,False,False
07/05 17:10,26.143,22.000,26.600,26.867,eco,1.00,0.800,"The zone is within the comfort band (PMV not provided but assumed IN_BAND), and there's no significant deviation from setpoints. The recent history shows repeated 'eco' actions, indicating a stable state where further correction is needed but not urgent. Occupancy status is occupied, so we maintain ",0.000000,0.000,SUCCESS,True,,False,low,0.0,,[],0.70,0.70,0.70,0.70,0.70,False,NO_ACTION,0.00,0.00,0.000,False,False,False,0.70,False,NORMAL,10.00,False,False,False,False,0.00,False,0.00,False,False,False
07/05 18:10,25.297,22.000,24.600,25.033,eco,1.00,0.700,"The zone is slightly too warm (0.697C above setpoint), but recent actions have been consistently 'eco' indicating a stable oscillation between cooling and heating, which suggests the system is converging on the correct setting without overcorrecting. The outdoor temperature is close to the indoor te",0.000000,0.697,SUCCESS,True,,False,low,0.0,,[],0.70,0.70,0.70,0.70,0.70,False,NO_ACTION,0.00,0.00,0.000,False,False,False,0.70,False,NORMAL,10.00,False,False,False,False,0.00,False,0.00,False,False,False
07/05 19:10,24.386,22.000,26.600,24.200,eco,1.00,0.800,"The zone is currently within the comfort band (PMV not provided but assumed IN_BAND), and there are no recent actions indicating a need for rapid correction (all last 6 actions were 'eco'). The outdoor temperature is slightly cooler than the indoor temperature, suggesting a small heating deviation. ",0.000000,0.000,SUCCESS,True,,False,low,0.0,,[],0.70,0.70,0.70,0.70,0.70,False,NO_ACTION,0.00,0.00,0.000,False,False,False,0.70,False,NORMAL,10.00,False,False,False,False,0.00,False,0.00,False,False,False
07/05 20:10,24.160,22.000,26.600,24.167,eco,1.00,0.700,"The zone is currently within its comfort band (PMV index not available but assumed to be neutral), and there are no recent deviations from setpoints. The occupancy status is occupied, so we prioritize comfort over energy efficiency. Given the history of repeated 'eco' actions without significant dev",0.000000,0.000,SUCCESS,True,,False,low,0.0,,[],0.70,0.70,0.70,0.70,0.70,False,NO_ACTION,0.00,0.00,0.000,False,False,False,0.70,False,NORMAL,10.00,False,False,False,False,0.00,False,0.00,False,False,False
07/05 21:10,24.189,22.000,26.600,23.933,eco,1.00,0.700,"The zone is within the comfort band (PMV not available but assumed in-band), and there's no significant deviation from setpoints. The recent history shows multiple 'eco' actions, indicating a stable state where further correction is needed but not urgent. Occupancy status is occupied, so we maintain",0.000000,0.000,SUCCESS,True,,False,low,0.0,,[],0.70,0.70,0.70,0.70,0.70,False,NO_ACTION,0.00,0.00,0.000,False,False,False,0.70,False,NORMAL,10.00,False,False,False,False,0.00,False,0.00,False,False,False
07/05 22:10,26.479,22.000,26.600,23.517,eco,1.00,0.800,"The zone is within the comfort band (PMV not available but assumed IN_BAND), occupancy is occupied, and there's no recent deviation from setpoints. The last 6 actions were all 'eco', indicating a stable state with minimal oscillation risk. Given these conditions, an eco action maintains current effi",0.000000,0.000,SUCCESS,True,,False,low,0.0,,[],0.70,0.70,0.70,0.70,0.70,False,NO_ACTION,0.00,0.00,0.000,False,False,False,0.70,False,NORMAL,10.00,False,False,False,False,0.00,False,0.00,False,False,False
07/05 23:10,26.529,22.000,26.600,22.950,eco,1.00,0.800,"The zone is currently within its comfort band (PMV not provided but assumed IN_BAND), and there are no recent actions indicating a need for rapid correction (all 'eco' in last 6 actions). The outdoor temperature is slightly cooler than the setpoint, suggesting a small deviation. Given the current co",0.000000,0.000,SUCCESS,True,,False,low,0.0,,[],0.70,0.70,0.70,0.70,0.70,False,NO_ACTION,0.00,0.00,0.000,False,False,False,0.70,False,NORMAL,10.00,False,False,False,False,0.00,False,0.00,False,False,False
07/06 00:10,25.709,22.000,26.600,22.117,eco,1.00,0.500,"The zone is currently within its comfort band (PMV not available but assumed IN_BAND), and there are no recent actions indicating a need for rapid correction (all were 'eco'). The outdoor temperature is slightly cooler than the indoor, suggesting a small heating deviation. Given the low confidence s",0.000000,0.000,SUCCESS,True,,False,low,0.0,,[],0.70,0.70,0.70,0.70,0.70,False,NO_ACTION,0.00,0.00,0.000,False,False,False,0.70,False,NORMAL,10.00,False,False,False,False,0.00,False,0.00,False,False,False
07/06 01:10,26.397,22.000,26.600,21.633,eco,1.00,0.800,"The zone is currently within its comfort band (PMV not provided but assumed IN_BAND), and there are no recent deviations from setpoints. The occupancy status indicates occupied, so we should avoid turning off unless the deviation is large (>1.5C) or the outdoor temperature is moving away from the se",0.000000,0.000,SUCCESS,True,,False,low,0.0,,[],0.70,0.70,0.70,0.70,0.70,False,NO_ACTION,0.00,0.00,0.000,False,False,False,0.70,False,NORMAL,10.00,False,False,False,False,0.00,False,0.00,False,False,False
07/06 02:10,26.124,22.000,26.600,21.233,eco,1.00,0.900,"The zone is currently within both setpoints (26.124C vs heating setpoint of 22.000C and cooling setpoint of 26.600C), with no deviation detected. Occupancy status is OCCUPIED, but the zone remains comfortably in band. The recent history shows only 'eco' actions, indicating a stable state where furth",0.000000,0.000,SUCCESS,True,,False,low,0.0,,[],0.70,0.70,0.70,0.70,0.70,False,NO_ACTION,0.00,0.00,0.000,False,False,False,0.70,False,NORMAL,10.00,False,False,False,False,0.00,False,0.00,False,False,False
07/06 03:10,25.751,22.000,26.600,20.867,eco,1.00,0.800,"The zone is currently within its comfort band (PMV index not provided but assumed IN_BAND), and it has been operating at a low coil speed for the last six actions, indicating stability. The outdoor temperature is slightly cooler than the indoor temperature, suggesting passive cooling conditions. Giv",0.000000,0.000,SUCCESS,True,,False,low,0.0,,[],0.70,0.70,0.70,0.70,0.70,False,NO_ACTION,0.00,0.00,0.000,False,False,False,0.70,False,NORMAL,10.00,False,False,False,False,0.00,False,0.00,False,False,False
07/06 04:10,25.374,22.000,26.600,20.683,eco,1.00,0.800,"The zone is currently within its comfort band (PMV not provided but assumed IN_BAND), and there are no recent deviations from setpoints. The occupancy status is OCCUPIED, so we prioritize comfort over energy efficiency. Given the history of consistently using 'eco' actions in the last 6 cycles, it's",0.000000,0.000,SUCCESS,True,,False,low,0.0,,[],0.70,0.70,0.70,0.70,0.70,False,NO_ACTION,0.00,0.00,0.000,False,False,False,0.70,False,NORMAL,10.00,False,False,False,False,0.00,False,0.00,False,False,False
07/06 05:10,25.052,22.000,26.600,20.550,eco,1.00,0.800,"The zone is currently within its comfort band (PMV not provided but assumed IN_BAND), and there's no significant deviation from setpoints. The recent history shows repeated use of 'eco' actions, indicating a stable state where further correction is needed but not urgent. Occupancy status is occupied",0.000000,0.000,SUCCESS,True,,False,low,0.0,,[],0.70,0.70,0.70,0.70,0.70,False,NO_ACTION,0.00,0.00,0.000,False,False,False,0.70,False,NORMAL,10.00,False,False,False,False,0.00,False,0.00,False,False,False
07/06 06:10,24.674,22.000,26.600,20.317,eco,1.00,0.800,"The zone is currently within its comfort band (PMV not provided but assumed IN_BAND), and there's no recent history of overshooting or oscillation risk. The outdoor temperature is slightly cooler than the indoor, indicating a small cooling deviation. Given the current conditions, an eco action will ",0.000000,0.000,SUCCESS,True,,False,low,0.0,,[],0.70,0.70,0.70,0.70,0.70,False,NO_ACTION,0.00,0.00,0.000,False,False,False,0.70,False,NORMAL,10.00,False,False,False,False,0.00,False,0.00,False,False,False
07/06 07:10,24.926,22.000,26.600,20.567,eco,1.00,0.800,"The zone is currently within its comfort band (PMV not provided but assumed IN_BAND), and occupancy is occupied. The recent history shows no deviation from the eco setting, indicating a stable condition where gentle correction is needed without overshooting or undershooting setpoints.",0.000000,0.000,SUCCESS,True,,False,low,0.0,,[],0.70,0.70,0.70,0.70,0.70,False,NO_ACTION,0.00,0.00,0.000,False,False,False,0.70,False,NORMAL,10.00,False,False,False,False,0.00,False,0.00,False,False,False
07/06 08:10,25.999,22.000,26.600,21.817,eco,1.00,0.700,"The zone is currently within its comfort band (PMV not provided but assumed IN_BAND), and there are no recent deviations from setpoints. The occupancy status is OCCUPIED, so we prioritize comfort over energy efficiency. Given the recent history of all actions being 'eco', it suggests a stable state ",0.000000,0.000,SUCCESS,True,,False,low,0.0,,[],0.70,0.70,0.70,0.70,0.70,False,NO_ACTION,0.00,0.00,0.000,False,False,False,0.70,False,NORMAL,10.00,False,False,False,False,0.00,False,0.00,False,False,False
07/06 09:10,25.088,22.000,24.600,24.233,eco,1.00,0.700,"The zone is slightly too warm (0.488C above setpoint), but it's currently occupied during the day. The recent history shows no deviation from 'eco' actions, indicating a stable situation where gentle correction with reduced coil speed ('eco') would be appropriate without risking overshooting or cool",0.000000,0.488,SUCCESS,True,,False,low,0.0,,[],0.70,0.70,0.70,0.70,0.70,False,NO_ACTION,0.00,0.00,0.000,False,False,False,0.70,False,NORMAL,10.00,False,False,False,False,0.00,False,0.00,False,False,False
07/06 10:10,25.025,22.000,26.600,26.167,eco,1.00,0.800,"The zone is currently within both setpoints (25.0C vs 26.6C cooling and 22.0C heating), with no deviation from either setpoint. The outdoor temperature is slightly warmer than the indoor temperature, indicating a small thermal load that can be managed by maintaining current operation at eco speed to",0.000000,0.000,SUCCESS,True,,False,low,0.0,,[],0.70,0.70,0.70,0.70,0.70,False,NO_ACTION,0.00,0.00,0.000,False,False,False,0.70,False,NORMAL,10.00,False,False,False,False,0.00,False,0.00,False,False,False
07/06 11:10,25.723,22.000,26.600,27.733,eco,1.00,0.800,"The zone is currently within its comfort band (PMV not provided but assumed IN_BAND), and there are no recent deviations from setpoints. The occupancy status is OCCUPIED, so a small deviation of 0C is acceptable. The historical actions show consistent use of 'eco', indicating the system is in a stab",0.000000,0.000,SUCCESS,True,,False,low,0.0,,[],0.70,0.70,0.70,0.70,0.70,False,NO_ACTION,0.00,0.00,0.000,False,False,False,0.70,False,NORMAL,10.00,False,False,False,False,0.00,False,0.00,False,False,False
07/06 12:10,26.377,22.000,26.600,29.083,eco,1.00,0.800,"The zone is currently within its comfort band (PMV not provided but assumed IN_BAND), and there's no significant deviation from setpoints. The recent history shows repeated use of 'eco' actions, indicating a stable state where further correction is needed but not urgent. Given the current conditions",0.000000,0.000,SUCCESS,True,,False,low,0.0,,[],0.70,0.70,0.70,0.70,0.70,False,NO_ACTION,0.00,0.00,0.000,False,False,False,0.70,False,NORMAL,10.00,False,False,False,False,0.00,False,0.00,False,False,False
07/06 13:10,24.116,22.000,26.600,30.083,eco,1.00,0.700,"The zone is currently within its comfort band (PMV not provided but assumed IN_BAND), and there are no recent actions indicating a need for rapid correction (all were eco). The outdoor temperature is slightly higher than the indoor temperature, suggesting a slight cooling load. Given the current con",0.000000,0.000,SUCCESS,True,,False,low,0.0,,[],0.70,0.70,0.70,0.70,0.70,False,NO_ACTION,0.00,0.00,0.000,False,False,False,0.70,False,NORMAL,10.00,False,False,False,False,0.00,False,0.00,False,False,False
07/06 14:10,24.307,22.000,26.600,30.617,eco,1.00,0.800,"The zone is currently within its comfort band (PMV not provided but assumed IN_BAND), and there's no significant deviation from setpoints. The recent history shows multiple 'eco' actions, indicating a stable state where further correction is needed but not urgent. Occupancy status is occupied, so th",0.000000,0.000,SUCCESS,True,,False,low,0.0,,[],0.70,0.70,0.70,0.70,0.70,False,NO_ACTION,0.00,0.00,0.000,False,False,False,0.70,False,NORMAL,10.00,False,False,False,False,0.00,False,0.00,False,False,False
07/06 15:10,25.327,22.000,24.600,31.083,eco,1.00,0.700,"The zone is slightly too warm (0.727C), but recent actions have been consistently 'eco' indicating a stable oscillation between cooling and heating. The outdoor temperature is comfortably above the indoor, reducing the risk of thermal infiltration. Given the current occupancy status and history, an ",0.000000,0.727,SUCCESS,True,,False,low,0.0,,[],0.70,0.70,0.70,0.70,0.70,False,NO_ACTION,0.00,0.00,0.000,False,False,False,0.70,False,NORMAL,10.00,False,False,False,False,0.00,False,0.00,False,False,False
07/06 16:10,26.024,22.000,24.600,30.417,eco,1.00,0.700,"The zone is slightly too hot (1.424C above setpoint), but it's currently occupied during an unoccupied hour. The recent history shows no deviation from 'eco' actions, indicating a stable situation where gentle correction with moderate speed ('eco') is appropriate to maintain comfort without overcorr",0.000000,1.424,SUCCESS,True,,False,low,0.0,,[],0.70,0.70,0.70,0.70,0.70,False,NO_ACTION,0.00,0.00,0.000,False,False,False,0.70,False,NORMAL,10.00,False,False,False,False,0.00,False,0.00,False,False,False
07/06 17:10,25.570,22.000,26.600,29.817,eco,1.00,0.800,"The zone is currently within its comfort band (PMV index not provided but assumed IN_BAND), and there are no recent actions indicating a need for rapid correction. The occupancy status is OCCUPIED, so we prioritize occupant comfort over energy efficiency. Given the recent history of consistently usi",0.000000,0.000,SUCCESS,True,,False,low,0.0,,[],0.70,0.70,0.70,0.70,0.70,False,NO_ACTION,0.00,0.00,0.000,False,False,False,0.70,False,NORMAL,10.00,False,False,False,False,0.00,False,0.00,False,False,False
07/06 18:10,24.894,22.000,24.600,28.733,eco,1.00,0.800,"The zone is slightly too warm (0.294C above setpoint), but recent actions have been consistently 'eco' indicating a stable oscillation around the comfort band. Occupancy is occupied, and there's no strong need for rapid correction as the deviation is moderate. The outdoor temperature is 3.1C higher ",0.000000,0.294,SUCCESS,True,,False,low,0.0,,[],0.70,0.70,0.70,0.70,0.70,False,NO_ACTION,0.00,0.00,0.000,False,False,False,0.70,False,NORMAL,10.00,False,False,False,False,0.00,False,0.00,False,False,False
07/06 19:10,24.690,22.000,26.600,27.800,eco,1.00,0.800,"The zone is currently within its comfort band (PMV not available but assumed in-band), and there are no recent deviations from setpoints. The occupancy status indicates occupied hours, so we should prioritize occupant comfort while conserving energy. Given the recent history of all actions being 'ec",0.000000,0.000,SUCCESS,True,,False,low,0.0,,[],0.70,0.70,0.70,0.70,0.70,False,NO_ACTION,0.00,0.00,0.000,False,False,False,0.70,False,NORMAL,10.00,False,False,False,False,0.00,False,0.00,False,False,False
07/06 20:10,24.335,22.000,26.600,27.150,eco,1.00,0.800,"The zone is currently within its comfort band (PMV not provided but assumed in-band), and there's no significant deviation from setpoints. The recent history shows repeated 'eco' actions, indicating a stable state where further correction is needed but not urgent. Occupancy status is occupied, so th",0.000000,0.000,SUCCESS,True,,False,low,0.0,,[],0.70,0.70,0.70,0.70,0.70,False,NO_ACTION,0.00,0.00,0.000,False,False,False,0.70,False,NORMAL,10.00,False,False,False,False,0.00,False,0.00,False,False,False
07/06 21:10,24.001,22.000,26.600,26.233,eco,1.00,0.800,"The zone is currently within its comfort band (PMV index not available but assumed IN_BAND), and occupancy is occupied. The recent history shows no deviation from the eco setting, indicating a stable condition where gentle correction is needed without risking overshooting or undershooting setpoints.",0.000000,0.000,SUCCESS,True,,False,low,0.0,,[],0.70,0.70,0.70,0.70,0.70,False,NO_ACTION,0.00,0.00,0.000,False,False,False,0.70,False,NORMAL,10.00,False,False,False,False,0.00,False,0.00,False,False,False
07/06 22:10,24.199,22.000,26.600,25.283,eco,1.00,0.800,"The zone is within comfort band (PMV not available but assumed in-band), occupancy is occupied, and recent actions have been consistently 'eco'. The outdoor temperature is slightly higher than the indoor temperature (+1.083C) which suggests a small deviation that can be corrected gently with 'eco' a",0.000000,0.000,SUCCESS,True,,False,low,0.0,,[],0.70,0.70,0.70,0.70,0.70,False,NO_ACTION,0.00,0.00,0.000,False,False,False,0.70,False,NORMAL,10.00,False,False,False,False,0.00,False,0.00,False,False,False
07/06 23:10,24.960,22.000,24.600,24.617,eco,1.00,0.700,"The zone is slightly too warm (0.36C above cooling setpoint) during unoccupied hours. The recent history shows no deviation from the eco setting, indicating a stable condition where gentle correction with reduced coil speed is sufficient to maintain comfort without risking overshooting or excessive ",0.000000,0.360,SUCCESS,True,,False,low,0.0,,[],0.70,0.70,0.70,0.70,0.70,False,NO_ACTION,0.00,0.00,0.000,False,False,False,0.70,False,NORMAL,10.00,False,False,False,False,0.00,False,0.00,False,False,False
07/07 00:10,26.505,22.000,26.600,24.117,eco,1.00,0.800,"The zone is within the comfort band (PMV not provided but assumed in-band), occupancy is occupied, and recent actions have been consistently at eco level without any deviation from setpoints. The outdoor temperature is slightly cooler than the indoor temperature, indicating a small cooling demand wh",0.000000,0.000,SUCCESS,True,,False,low,0.0,,[],0.70,0.70,0.70,0.70,0.70,False,NO_ACTION,0.00,0.00,0.000,False,False,False,0.70,False,NORMAL,10.00,False,False,False,False,0.00,False,0.00,False,False,False
07/07 01:10,26.378,22.000,26.600,23.617,eco,1.00,0.800,"The zone is within the comfort band (PMV not available but assumed in-band), and occupancy is occupied. The recent history shows no deviation from eco mode, indicating a stable condition where gentle correction is needed without risking overshooting or undershooting setpoints.",0.000000,0.000,SUCCESS,True,,False,low,0.0,,[],0.70,0.70,0.70,0.70,0.70,False,NO_ACTION,0.00,0.00,0.000,False,False,False,0.70,False,NORMAL,10.00,False,False,False,False,0.00,False,0.00,False,False,False
07/07 02:10,24.235,22.000,26.600,23.117,eco,1.00,0.800,"The zone is within the comfort band (PMV not available but assumed IN_BAND), and there's no significant deviation from setpoints. The recent history shows only 'eco' actions, indicating a stable state with minimal oscillation risk. Given the current conditions, an eco action maintains energy efficie",0.000000,0.000,SUCCESS,True,,False,low,0.0,,[],0.70,0.70,0.70,0.70,0.70,False,NO_ACTION,0.00,0.00,0.000,False,False,False,0.70,False,NORMAL,10.00,False,False,False,False,0.00,False,0.00,False,False,False
07/07 03:10,24.878,22.000,26.600,22.617,eco,1.00,0.800,"The zone is currently within its comfort band (PMV not available but assumed in-band), and there are no recent actions indicating a need for rapid correction. The occupancy status is occupied, so we prioritize comfort over energy efficiency. Given the recent history of consistently using 'eco' mode ",0.000000,0.000,SUCCESS,True,,False,low,0.0,,[],0.70,0.70,0.70,0.70,0.70,False,NO_ACTION,0.00,0.00,0.000,False,False,False,0.70,False,NORMAL,10.00,False,False,False,False,0.00,False,0.00,False,False,False
07/07 04:10,26.253,22.000,26.600,22.150,eco,1.00,0.800,"The zone is currently within its comfort band (PMV not available but assumed in-band), and it has been operating at a low coil speed for the last six actions, indicating stable operation without significant deviation. The outdoor temperature is slightly cooler than the indoor temperature, suggesting",0.000000,0.000,SUCCESS,True,,False,low,0.0,,[],0.70,0.70,0.70,0.70,0.70,False,NO_ACTION,0.00,0.00,0.000,False,False,False,0.70,False,NORMAL,10.00,False,False,False,False,0.00,False,0.00,False,False,False
07/07 05:10,26.031,22.000,26.600,21.850,eco,1.00,0.500,"The zone is currently within its comfort band (PMV not available but assumed IN_BAND), and there are no recent actions indicating a need for rapid correction (all were eco). The outdoor temperature is slightly cooler than the indoor, suggesting a small heating deviation. Given the low confidence sco",0.000000,0.000,SUCCESS,True,,False,low,0.0,,[],0.70,0.70,0.70,0.70,0.70,False,NO_ACTION,0.00,0.00,0.000,False,False,False,0.70,False,NORMAL,10.00,False,False,False,False,0.00,False,0.00,False,False,False
07/07 06:10,25.733,22.000,26.600,21.583,off,0.00,0.300,"The zone is currently within its comfort band (PMV not provided but assumed IN_BAND), and it's in the pre-occupancy window (06:00-07:00). The recent history shows no deviation from eco, indicating a stable condition. Given the low confidence score due to the ambiguous outdoor conditions and the lack",0.000000,0.000,ROLLED_BACK,True,,False,low,0.0,,[],0.70,0.70,0.70,0.70,0.70,False,NO_ACTION,0.00,0.00,0.000,False,False,False,0.70,False,NORMAL,10.00,False,False,False,False,0.00,False,0.00,False,False,False
07/07 07:10,26.632,22.000,24.600,21.617,eco,1.00,0.800,"The zone is slightly too warm (2.032C above setpoint), but it's currently occupied during the pre-occupancy window, so we should prioritize comfort within ±1.5C of setpoint. The recent history shows a steady pattern of 'eco' actions, indicating that the system is already in a state of gentle correct",0.000000,2.032,SUCCESS,True,,False,low,0.0,,[],0.70,0.70,0.70,0.70,0.70,False,NO_ACTION,0.00,0.00,0.000,False,False,False,0.70,False,NORMAL,10.00,False,False,False,False,0.00,False,0.00,False,False,False
07/07 08:10,26.540,22.000,26.600,22.417,eco,1.00,0.700,"The zone is currently within its comfort band (PMV not available but assumed in-band), and it's occupied during the day. The recent history shows multiple 'eco' actions, indicating a stable state where further correction is needed but not urgent. The outdoor temperature is slightly cooler than the i",0.000000,0.000,SUCCESS,True,,False,low,0.0,,[],0.70,0.70,0.70,0.70,0.70,False,NO_ACTION,0.00,0.00,0.000,False,False,False,0.70,False,NORMAL,10.00,False,False,False,False,0.00,False,0.00,False,False,False
07/07 09:10,25.762,22.000,24.600,23.717,eco,1.00,0.600,"The zone is slightly too warm (1.162C above setpoint), but recent actions have been oscillating between 'eco' and 'off'. This suggests a stable state where further correction might be unnecessary, especially given the low confidence score due to ambiguous sensor data.",0.000000,1.162,SUCCESS,True,,False,low,0.0,,[],0.70,0.70,0.70,0.70,0.70,False,NO_ACTION,0.00,0.00,0.000,False,False,False,0.70,False,NORMAL,10.00,False,False,False,False,0.00,False,0.00,False,False,False
07/07 10:10,24.795,22.000,26.600,24.867,eco,1.00,0.800,"The zone is currently within its comfort band (PMV not provided but assumed IN_BAND), and there are no recent oscillations between boost and eco actions. The outdoor temperature is slightly cooler than the indoor temperature, indicating a small cooling deviation of 0.195C. Given the recent history o",0.000000,0.000,SUCCESS,True,,False,low,0.0,,[],0.70,0.70,0.70,0.70,0.70,False,NO_ACTION,0.00,0.00,0.000,False,False,False,0.70,False,NORMAL,10.00,False,False,False,False,0.00,False,0.00,False,False,False
07/07 11:10,26.297,22.000,26.600,25.317,eco,1.00,0.800,"The zone is currently within its comfort band (PMV not provided but assumed IN_BAND), and there are no recent actions that indicate a need for rapid correction (no consecutive boost/eco). The occupancy status is OCCUPIED, so the system should aim to maintain comfort. The outdoor temperature is sligh",0.000000,0.000,SUCCESS,True,,False,low,0.0,,[],0.70,0.70,0.70,0.70,0.70,False,NO_ACTION,0.00,0.00,0.000,False,False,False,0.70,False,NORMAL,10.00,False,False,False,False,0.00,False,0.00,False,False,False
07/07 12:10,25.127,22.000,24.600,26.117,eco,1.00,0.700,"The zone is slightly too warm (0.527C above cooling setpoint), but recent actions have been oscillating between 'eco' and 'off'. This suggests that the system is converging towards a stable state, so reducing the magnitude of the correction to 'eco' aligns with this trend.",0.000000,0.527,SUCCESS,True,,False,low,0.0,,[],0.70,0.70,0.70,0.70,0.70,False,NO_ACTION,0.00,0.00,0.000,False,False,False,0.70,False,NORMAL,10.00,False,False,False,False,0.00,False,0.00,False,False,False
07/07 13:10,25.325,22.000,24.600,27.317,eco,1.00,0.800,"The zone is slightly too warm (0.725C above setpoint), but recent actions have been consistently 'eco' indicating a stable oscillation between cooling and heating, which suggests the system is converging towards comfort without excessive energy usage or risk of overshooting.",0.000000,0.725,SUCCESS,True,,False,low,0.0,,[],0.70,0.70,0.70,0.70,0.70,False,NO_ACTION,0.00,0.00,0.000,False,False,False,0.70,False,NORMAL,10.00,False,False,False,False,0.00,False,0.00,False,False,False
07/07 14:10,24.339,22.000,26.600,28.050,eco,1.00,0.800,"The zone is currently within its comfort band (PMV index not provided but assumed IN_BAND), and there's no recent deviation from setpoints. The occupancy status is OCCUPIED, so we prioritize comfort over energy efficiency. Given the history of repeated 'eco' actions in the last 6 cycles, it suggests",0.000000,0.000,SUCCESS,True,,False,low,0.0,,[],0.70,0.70,0.70,0.70,0.70,False,NO_ACTION,0.00,0.00,0.000,False,False,False,0.70,False,NORMAL,10.00,False,False,False,False,0.00,False,0.00,False,False,False
07/07 15:10,24.558,22.000,26.600,28.700,eco,1.00,0.800,"The zone is currently within its comfort band (PMV index not provided but assumed IN_BAND), and there are no recent actions indicating a need for rapid correction (all 'eco' in last 6 actions). The outdoor temperature is slightly warmer than the indoor, suggesting a slight cooling load. Given the cu",0.000000,0.000,SUCCESS,True,,False,low,0.0,,[],0.70,0.70,0.70,0.70,0.70,False,NO_ACTION,0.00,0.00,0.000,False,False,False,0.70,False,NORMAL,10.00,False,False,False,False,0.00,False,0.00,False,False,False
07/07 16:10,26.206,22.000,24.600,27.950,eco,1.00,0.700,"The zone is slightly too warm (1.606C above setpoint), but it's currently occupied during the unoccupied hour of day. The recent history shows no deviation from eco mode, and the outdoor temperature is only 27.95°C which is within a comfortable range for this system. Therefore, an eco action will pr",0.000000,1.606,SUCCESS,True,,False,low,0.0,,[],0.70,0.70,0.70,0.70,0.70,False,NO_ACTION,0.00,0.00,0.000,False,False,False,0.70,False,NORMAL,10.00,False,False,False,False,0.00,False,0.00,False,False,False
07/07 17:10,24.509,22.000,26.600,25.750,eco,1.00,0.800,"The zone is currently within its comfort band (PMV index not available but assumed to be neutral). Occupancy is occupied, so we prioritize comfort over energy efficiency. The recent history shows no deviation from eco mode, and the outdoor temperature is only slightly warmer than the indoor temperat",0.000000,0.000,SUCCESS,True,,False,low,0.0,,[],0.70,0.70,0.70,0.70,0.70,False,NO_ACTION,0.00,0.00,0.000,False,False,False,0.70,False,NORMAL,10.00,False,False,False,False,0.00,False,0.00,False,False,False
07/07 18:10,26.502,22.000,26.600,21.050,eco,1.00,0.800,"The zone is currently within its comfort band (PMV not provided but assumed in-band), and there are no recent deviations from setpoints. The occupancy status indicates occupied hours, so a gentle correction with 'eco' action is appropriate to maintain comfort without unnecessary energy consumption.",0.000000,0.000,SUCCESS,True,,False,low,0.0,,[],0.70,0.70,0.70,0.70,0.70,False,NO_ACTION,0.00,0.00,0.000,False,False,False,0.70,False,NORMAL,10.00,False,False,False,False,0.00,False,0.00,False,False,False
07/07 19:10,26.542,22.000,26.600,21.300,eco,1.00,0.800,"The zone is currently within the comfort band (PMV not provided but assumed IN_BAND), and there's no recent history of overshooting or oscillation risk. The outdoor temperature is 3C below the indoor temperature, indicating a cooling load. However, the occupancy context allows for wider tolerance, s",0.000000,0.000,SUCCESS,True,,False,low,0.0,,[],0.70,0.70,0.70,0.70,0.70,False,NO_ACTION,0.00,0.00,0.000,False,False,False,0.70,False,NORMAL,10.00,False,False,False,False,0.00,False,0.00,False,False,False
07/07 20:10,24.147,22.000,26.600,21.350,eco,1.00,0.800,"The zone is currently within its comfort band (PMV not available but assumed in-band), and there are no recent actions indicating a need for rapid correction. The occupancy status is occupied, so we prioritize comfort over energy efficiency. Given the recent history of consistently using 'eco' mode ",0.000000,0.000,SUCCESS,True,,False,low,0.0,,[],0.70,0.70,0.70,0.70,0.70,False,NO_ACTION,0.00,0.00,0.000,False,False,False,0.70,False,NORMAL,10.00,False,False,False,False,0.00,False,0.00,False,False,False
07/07 21:10,26.220,22.000,26.600,21.633,eco,1.00,0.800,"The zone is currently within its comfort band (PMV not provided but assumed in-band), and there are no recent actions indicating a need for rapid correction. The occupancy status is occupied, so we prioritize comfort over energy efficiency. Given the recent history of all actions being 'eco', it sug",0.000000,0.000,SUCCESS,True,,False,low,0.0,,[],0.70,0.70,0.70,0.70,0.70,False,NO_ACTION,0.00,0.00,0.000,False,False,False,0.70,False,NORMAL,10.00,False,False,False,False,0.00,False,0.00,False,False,False
07/07 22:10,26.444,22.000,26.600,21.800,eco,1.00,0.800,"The zone is within the comfort band (PMV not available but assumed in-band), occupancy is occupied, and recent actions have been consistently eco. The deviation from setpoints is minimal (0C for both heating and cooling), indicating a stable situation with no immediate need for correction or escalat",0.000000,0.000,SUCCESS,True,,False,low,0.0,,[],0.70,0.70,0.70,0.70,0.70,False,NO_ACTION,0.00,0.00,0.000,False,False,False,0.70,False,NORMAL,10.00,False,False,False,False,0.00,False,0.00,False,False,False
07/07 23:10,26.180,22.000,26.600,21.783,eco,1.00,0.600,"The zone is currently within its comfort band (PMV not provided but assumed IN_BAND), and there's no significant deviation from setpoints. The occupancy status is OCCUPIED, so we prioritize occupant comfort while maintaining a medium confidence score due to the recent history of all actions being 'e",0.000000,0.000,SUCCESS,True,,False,low,0.0,,[],0.70,0.70,0.70,0.70,0.70,False,NO_ACTION,0.00,0.00,0.000,False,False,False,0.70,False,NORMAL,10.00,False,False,False,False,0.00,False,0.00,False,False,False
